INSERT INTO `civicrm_contact` (`id`, `contact_type`, `contact_sub_type`, `do_not_email`, `do_not_phone`, `do_not_mail`, `do_not_sms`, `do_not_trade`, `is_opt_out`, `legal_identifier`, `external_identifier`, `sort_name`, `display_name`, `nick_name`, `legal_name`, `image_URL`, `preferred_communication_method`, `preferred_language`, `preferred_mail_format`, `hash`, `api_key`, `source`, `first_name`, `middle_name`, `last_name`, `prefix_id`, `suffix_id`, `formal_title`, `communication_style_id`, `email_greeting_id`, `email_greeting_custom`, `email_greeting_display`, `postal_greeting_id`, `postal_greeting_custom`, `postal_greeting_display`, `addressee_id`, `addressee_custom`, `addressee_display`, `job_title`, `gender_id`, `birth_date`, `is_deceased`, `deceased_date`, `household_name`, `primary_contact_id`, `organization_name`, `sic_code`, `user_unique_id`, `employer_id`, `is_deleted`, `created_date`, `modified_date`) VALUES (48,'Individual',NULL,0,0,0,0,0,0,NULL,NULL,'HfswNR8KPeRv7zDZnpKs60640e1e09b76_1@example.com','HfswNR8KPeRv7zDZnpKs60640e1e09b76_1@example.com',NULL,NULL,NULL,NULL,'en_US','Both','510b2efd4cafc7a865701ab23e188fc8',NULL,NULL,NULL,NULL,NULL,NULL,NULL,NULL,1,1,NULL,'Dear',1,NULL,'Dear',1,NULL,'',NULL,NULL,NULL,0,NULL,NULL,NULL,NULL,NULL,NULL,NULL,0,'2021-03-31 05:52:30','2021-03-31 05:52:30');
INSERT INTO `civicrm_contact` (`id`, `contact_type`, `contact_sub_type`, `do_not_email`, `do_not_phone`, `do_not_mail`, `do_not_sms`, `do_not_trade`, `is_opt_out`, `legal_identifier`, `external_identifier`, `sort_name`, `display_name`, `nick_name`, `legal_name`, `image_URL`, `preferred_communication_method`, `preferred_language`, `preferred_mail_format`, `hash`, `api_key`, `source`, `first_name`, `middle_name`, `last_name`, `prefix_id`, `suffix_id`, `formal_title`, `communication_style_id`, `email_greeting_id`, `email_greeting_custom`, `email_greeting_display`, `postal_greeting_id`, `postal_greeting_custom`, `postal_greeting_display`, `addressee_id`, `addressee_custom`, `addressee_display`, `job_title`, `gender_id`, `birth_date`, `is_deceased`, `deceased_date`, `household_name`, `primary_contact_id`, `organization_name`, `sic_code`, `user_unique_id`, `employer_id`, `is_deleted`, `created_date`, `modified_date`) VALUES (49,'Individual',NULL,0,0,0,0,0,0,NULL,NULL,'HfswNR8KPeRv7zDZnpKs60640e1e09b76_2@example.com','HfswNR8KPeRv7zDZnpKs60640e1e09b76_2@example.com',NULL,NULL,NULL,NULL,'en_US','Both','f19e6042eb11feefc4cf71455566ce55',NULL,NULL,NULL,NULL,NULL,NULL,NULL,NULL,1,1,NULL,'Dear',1,NULL,'Dear',1,NULL,'',NULL,NULL,NULL,0,NULL,NULL,NULL,NULL,NULL,NULL,NULL,0,'2021-03-31 05:52:30','2021-03-31 05:52:30');
INSERT INTO `civicrm_contact` (`id`, `contact_type`, `contact_sub_type`, `do_not_email`, `do_not_phone`, `do_not_mail`, `do_not_sms`, `do_not_trade`, `is_opt_out`, `legal_identifier`, `external_identifier`, `sort_name`, `display_name`, `nick_name`, `legal_name`, `image_URL`, `preferred_communication_method`, `preferred_language`, `preferred_mail_format`, `hash`, `api_key`, `source`, `first_name`, `middle_name`, `last_name`, `prefix_id`, `suffix_id`, `formal_title`, `communication_style_id`, `email_greeting_id`, `email_greeting_custom`, `email_greeting_display`, `postal_greeting_id`, `postal_greeting_custom`, `postal_greeting_display`, `addressee_id`, `addressee_custom`, `addressee_display`, `job_title`, `gender_id`, `birth_date`, `is_deceased`, `deceased_date`, `household_name`, `primary_contact_id`, `organization_name`, `sic_code`, `user_unique_id`, `employer_id`, `is_deleted`, `created_date`, `modified_date`) VALUES (50,'Individual',NULL,0,0,0,0,0,0,NULL,NULL,'HfswNR8KPeRv7zDZnpKs60640e1e09b76_3@example.com','HfswNR8KPeRv7zDZnpKs60640e1e09b76_3@example.com',NULL,NULL,NULL,NULL,'en_US','Both','f4bc000f75753c1466d9f45abe28ef4e',NULL,NULL,NULL,NULL,NULL,NULL,NULL,NULL,1,1,NULL,'Dear',1,NULL,'Dear',1,NULL,'',NULL,NULL,NULL,0,NULL,NULL,NULL,NULL,NULL,NULL,NULL,0,'2021-03-31 05:52:30','2021-03-31 05:52:30');
INSERT INTO `civicrm_contact` (`id`, `contact_type`, `contact_sub_type`, `do_not_email`, `do_not_phone`, `do_not_mail`, `do_not_sms`, `do_not_trade`, `is_opt_out`, `legal_identifier`, `external_identifier`, `sort_name`, `display_name`, `nick_name`, `legal_name`, `image_URL`, `preferred_communication_method`, `preferred_language`, `preferred_mail_format`, `hash`, `api_key`, `source`, `first_name`, `middle_name`, `last_name`, `prefix_id`, `suffix_id`, `formal_title`, `communication_style_id`, `email_greeting_id`, `email_greeting_custom`, `email_greeting_display`, `postal_greeting_id`, `postal_greeting_custom`, `postal_greeting_display`, `addressee_id`, `addressee_custom`, `addressee_display`, `job_title`, `gender_id`, `birth_date`, `is_deceased`, `deceased_date`, `household_name`, `primary_contact_id`, `organization_name`, `sic_code`, `user_unique_id`, `employer_id`, `is_deleted`, `created_date`, `modified_date`) VALUES (51,'Individual',NULL,0,0,0,0,0,0,NULL,NULL,'HfswNR8KPeRv7zDZnpKs60640e1e09b76_4@example.com','HfswNR8KPeRv7zDZnpKs60640e1e09b76_4@example.com',NULL,NULL,NULL,NULL,'en_US','Both','fe4f35820486156c39bf50313e3a744a',NULL,NULL,NULL,NULL,NULL,NULL,NULL,NULL,1,1,NULL,'Dear',1,NULL,'Dear',1,NULL,'',NULL,NULL,NULL,0,NULL,NULL,NULL,NULL,NULL,NULL,NULL,0,'2021-03-31 05:52:30','2021-03-31 05:52:30');
INSERT INTO `civicrm_contact` (`id`, `contact_type`, `contact_sub_type`, `do_not_email`, `do_not_phone`, `do_not_mail`, `do_not_sms`, `do_not_trade`, `is_opt_out`, `legal_identifier`, `external_identifier`, `sort_name`, `display_name`, `nick_name`, `legal_name`, `image_URL`, `preferred_communication_method`, `preferred_language`, `preferred_mail_format`, `hash`, `api_key`, `source`, `first_name`, `middle_name`, `last_name`, `prefix_id`, `suffix_id`, `formal_title`, `communication_style_id`, `email_greeting_id`, `email_greeting_custom`, `email_greeting_display`, `postal_greeting_id`, `postal_greeting_custom`, `postal_greeting_display`, `addressee_id`, `addressee_custom`, `addressee_display`, `job_title`, `gender_id`, `birth_date`, `is_deceased`, `deceased_date`, `household_name`, `primary_contact_id`, `organization_name`, `sic_code`, `user_unique_id`, `employer_id`, `is_deleted`, `created_date`, `modified_date`) VALUES (52,'Individual',NULL,0,0,0,0,0,0,NULL,NULL,'HfswNR8KPeRv7zDZnpKs60640e1e09b76_5@example.com','HfswNR8KPeRv7zDZnpKs60640e1e09b76_5@example.com',NULL,NULL,NULL,NULL,'en_US','Both','94c5dd53eb59402d405b4f95ba856c3c',NULL,NULL,NULL,NULL,NULL,NULL,NULL,NULL,1,1,NULL,'Dear',1,NULL,'Dear',1,NULL,'',NULL,NULL,NULL,0,NULL,NULL,NULL,NULL,NULL,NULL,NULL,0,'2021-03-31 05:52:30','2021-03-31 05:52:30');
INSERT INTO `civicrm_contact` (`id`, `contact_type`, `contact_sub_type`, `do_not_email`, `do_not_phone`, `do_not_mail`, `do_not_sms`, `do_not_trade`, `is_opt_out`, `legal_identifier`, `external_identifier`, `sort_name`, `display_name`, `nick_name`, `legal_name`, `image_URL`, `preferred_communication_method`, `preferred_language`, `preferred_mail_format`, `hash`, `api_key`, `source`, `first_name`, `middle_name`, `last_name`, `prefix_id`, `suffix_id`, `formal_title`, `communication_style_id`, `email_greeting_id`, `email_greeting_custom`, `email_greeting_display`, `postal_greeting_id`, `postal_greeting_custom`, `postal_greeting_display`, `addressee_id`, `addressee_custom`, `addressee_display`, `job_title`, `gender_id`, `birth_date`, `is_deceased`, `deceased_date`, `household_name`, `primary_contact_id`, `organization_name`, `sic_code`, `user_unique_id`, `employer_id`, `is_deleted`, `created_date`, `modified_date`) VALUES (53,'Individual',NULL,0,0,0,0,0,0,NULL,NULL,'HfswNR8KPeRv7zDZnpKs60640e1e09b76_6@example.com','HfswNR8KPeRv7zDZnpKs60640e1e09b76_6@example.com',NULL,NULL,NULL,NULL,'en_US','Both','a72772acf0e8da8655c3d159a3b5d2b7',NULL,NULL,NULL,NULL,NULL,NULL,NULL,NULL,1,1,NULL,'Dear',1,NULL,'Dear',1,NULL,'',NULL,NULL,NULL,0,NULL,NULL,NULL,NULL,NULL,NULL,NULL,0,'2021-03-31 05:52:30','2021-03-31 05:52:30');
INSERT INTO `civicrm_contact` (`id`, `contact_type`, `contact_sub_type`, `do_not_email`, `do_not_phone`, `do_not_mail`, `do_not_sms`, `do_not_trade`, `is_opt_out`, `legal_identifier`, `external_identifier`, `sort_name`, `display_name`, `nick_name`, `legal_name`, `image_URL`, `preferred_communication_method`, `preferred_language`, `preferred_mail_format`, `hash`, `api_key`, `source`, `first_name`, `middle_name`, `last_name`, `prefix_id`, `suffix_id`, `formal_title`, `communication_style_id`, `email_greeting_id`, `email_greeting_custom`, `email_greeting_display`, `postal_greeting_id`, `postal_greeting_custom`, `postal_greeting_display`, `addressee_id`, `addressee_custom`, `addressee_display`, `job_title`, `gender_id`, `birth_date`, `is_deceased`, `deceased_date`, `household_name`, `primary_contact_id`, `organization_name`, `sic_code`, `user_unique_id`, `employer_id`, `is_deleted`, `created_date`, `modified_date`) VALUES (54,'Individual',NULL,0,0,0,0,0,0,NULL,NULL,'HfswNR8KPeRv7zDZnpKs60640e1e09b76_7@example.com','HfswNR8KPeRv7zDZnpKs60640e1e09b76_7@example.com',NULL,NULL,NULL,NULL,'en_US','Both','d7e0e61b08a70a31e02cfc74642ba9de',NULL,NULL,NULL,NULL,NULL,NULL,NULL,NULL,1,1,NULL,'Dear',1,NULL,'Dear',1,NULL,'',NULL,NULL,NULL,0,NULL,NULL,NULL,NULL,NULL,NULL,NULL,0,'2021-03-31 05:52:30','2021-03-31 05:52:30');
INSERT INTO `civicrm_contact` (`id`, `contact_type`, `contact_sub_type`, `do_not_email`, `do_not_phone`, `do_not_mail`, `do_not_sms`, `do_not_trade`, `is_opt_out`, `legal_identifier`, `external_identifier`, `sort_name`, `display_name`, `nick_name`, `legal_name`, `image_URL`, `preferred_communication_method`, `preferred_language`, `preferred_mail_format`, `hash`, `api_key`, `source`, `first_name`, `middle_name`, `last_name`, `prefix_id`, `suffix_id`, `formal_title`, `communication_style_id`, `email_greeting_id`, `email_greeting_custom`, `email_greeting_display`, `postal_greeting_id`, `postal_greeting_custom`, `postal_greeting_display`, `addressee_id`, `addressee_custom`, `addressee_display`, `job_title`, `gender_id`, `birth_date`, `is_deceased`, `deceased_date`, `household_name`, `primary_contact_id`, `organization_name`, `sic_code`, `user_unique_id`, `employer_id`, `is_deleted`, `created_date`, `modified_date`) VALUES (55,'Individual',NULL,0,0,0,0,0,0,NULL,NULL,'HfswNR8KPeRv7zDZnpKs60640e1e09b76_8@example.com','HfswNR8KPeRv7zDZnpKs60640e1e09b76_8@example.com',NULL,NULL,NULL,NULL,'en_US','Both','7dc1082e1787dcaf8e0e076edcc2f056',NULL,NULL,NULL,NULL,NULL,NULL,NULL,NULL,1,1,NULL,'Dear',1,NULL,'Dear',1,NULL,'',NULL,NULL,NULL,0,NULL,NULL,NULL,NULL,NULL,NULL,NULL,0,'2021-03-31 05:52:30','2021-03-31 05:52:30');
INSERT INTO `civicrm_contact` (`id`, `contact_type`, `contact_sub_type`, `do_not_email`, `do_not_phone`, `do_not_mail`, `do_not_sms`, `do_not_trade`, `is_opt_out`, `legal_identifier`, `external_identifier`, `sort_name`, `display_name`, `nick_name`, `legal_name`, `image_URL`, `preferred_communication_method`, `preferred_language`, `preferred_mail_format`, `hash`, `api_key`, `source`, `first_name`, `middle_name`, `last_name`, `prefix_id`, `suffix_id`, `formal_title`, `communication_style_id`, `email_greeting_id`, `email_greeting_custom`, `email_greeting_display`, `postal_greeting_id`, `postal_greeting_custom`, `postal_greeting_display`, `addressee_id`, `addressee_custom`, `addressee_display`, `job_title`, `gender_id`, `birth_date`, `is_deceased`, `deceased_date`, `household_name`, `primary_contact_id`, `organization_name`, `sic_code`, `user_unique_id`, `employer_id`, `is_deleted`, `created_date`, `modified_date`) VALUES (56,'Individual',NULL,0,0,0,0,0,0,NULL,NULL,'HfswNR8KPeRv7zDZnpKs60640e1e09b76_9@example.com','HfswNR8KPeRv7zDZnpKs60640e1e09b76_9@example.com',NULL,NULL,NULL,NULL,'en_US','Both','e83bd2cc98182755c6dbf94fbedd6a65',NULL,NULL,NULL,NULL,NULL,NULL,NULL,NULL,1,1,NULL,'Dear',1,NULL,'Dear',1,NULL,'',NULL,NULL,NULL,0,NULL,NULL,NULL,NULL,NULL,NULL,NULL,0,'2021-03-31 05:52:30','2021-03-31 05:52:30');
INSERT INTO `civicrm_contact` (`id`, `contact_type`, `contact_sub_type`, `do_not_email`, `do_not_phone`, `do_not_mail`, `do_not_sms`, `do_not_trade`, `is_opt_out`, `legal_identifier`, `external_identifier`, `sort_name`, `display_name`, `nick_name`, `legal_name`, `image_URL`, `preferred_communication_method`, `preferred_language`, `preferred_mail_format`, `hash`, `api_key`, `source`, `first_name`, `middle_name`, `last_name`, `prefix_id`, `suffix_id`, `formal_title`, `communication_style_id`, `email_greeting_id`, `email_greeting_custom`, `email_greeting_display`, `postal_greeting_id`, `postal_greeting_custom`, `postal_greeting_display`, `addressee_id`, `addressee_custom`, `addressee_display`, `job_title`, `gender_id`, `birth_date`, `is_deceased`, `deceased_date`, `household_name`, `primary_contact_id`, `organization_name`, `sic_code`, `user_unique_id`, `employer_id`, `is_deleted`, `created_date`, `modified_date`) VALUES (57,'Individual',NULL,0,0,0,0,0,0,NULL,NULL,'HfswNR8KPeRv7zDZnpKs60640e1e09b76_10@example.com','HfswNR8KPeRv7zDZnpKs60640e1e09b76_10@example.com',NULL,NULL,NULL,NULL,'en_US','Both','6b7440d21a5639b230b160fed7279a7c',NULL,NULL,NULL,NULL,NULL,NULL,NULL,NULL,1,1,NULL,'Dear',1,NULL,'Dear',1,NULL,'',NULL,NULL,NULL,0,NULL,NULL,NULL,NULL,NULL,NULL,NULL,0,'2021-03-31 05:52:30','2021-03-31 05:52:30');
INSERT INTO `civicrm_contact` (`id`, `contact_type`, `contact_sub_type`, `do_not_email`, `do_not_phone`, `do_not_mail`, `do_not_sms`, `do_not_trade`, `is_opt_out`, `legal_identifier`, `external_identifier`, `sort_name`, `display_name`, `nick_name`, `legal_name`, `image_URL`, `preferred_communication_method`, `preferred_language`, `preferred_mail_format`, `hash`, `api_key`, `source`, `first_name`, `middle_name`, `last_name`, `prefix_id`, `suffix_id`, `formal_title`, `communication_style_id`, `email_greeting_id`, `email_greeting_custom`, `email_greeting_display`, `postal_greeting_id`, `postal_greeting_custom`, `postal_greeting_display`, `addressee_id`, `addressee_custom`, `addressee_display`, `job_title`, `gender_id`, `birth_date`, `is_deceased`, `deceased_date`, `household_name`, `primary_contact_id`, `organization_name`, `sic_code`, `user_unique_id`, `employer_id`, `is_deleted`, `created_date`, `modified_date`) VALUES (58,'Individual',NULL,0,0,0,0,0,0,NULL,NULL,'HfswNR8KPeRv7zDZnpKs60640e1e09b76_11@example.com','HfswNR8KPeRv7zDZnpKs60640e1e09b76_11@example.com',NULL,NULL,NULL,NULL,'en_US','Both','1f8b1278decd0872b742fb4661a59986',NULL,NULL,NULL,NULL,NULL,NULL,NULL,NULL,1,1,NULL,'Dear',1,NULL,'Dear',1,NULL,'',NULL,NULL,NULL,0,NULL,NULL,NULL,NULL,NULL,NULL,NULL,0,'2021-03-31 05:52:30','2021-03-31 05:52:30');
INSERT INTO `civicrm_contact` (`id`, `contact_type`, `contact_sub_type`, `do_not_email`, `do_not_phone`, `do_not_mail`, `do_not_sms`, `do_not_trade`, `is_opt_out`, `legal_identifier`, `external_identifier`, `sort_name`, `display_name`, `nick_name`, `legal_name`, `image_URL`, `preferred_communication_method`, `preferred_language`, `preferred_mail_format`, `hash`, `api_key`, `source`, `first_name`, `middle_name`, `last_name`, `prefix_id`, `suffix_id`, `formal_title`, `communication_style_id`, `email_greeting_id`, `email_greeting_custom`, `email_greeting_display`, `postal_greeting_id`, `postal_greeting_custom`, `postal_greeting_display`, `addressee_id`, `addressee_custom`, `addressee_display`, `job_title`, `gender_id`, `birth_date`, `is_deceased`, `deceased_date`, `household_name`, `primary_contact_id`, `organization_name`, `sic_code`, `user_unique_id`, `employer_id`, `is_deleted`, `created_date`, `modified_date`) VALUES (59,'Individual',NULL,0,0,0,0,0,0,NULL,NULL,'HfswNR8KPeRv7zDZnpKs60640e1e09b76_12@example.com','HfswNR8KPeRv7zDZnpKs60640e1e09b76_12@example.com',NULL,NULL,NULL,NULL,'en_US','Both','51e5b2415528353542fa68f164238ff9',NULL,NULL,NULL,NULL,NULL,NULL,NULL,NULL,1,1,NULL,'Dear',1,NULL,'Dear',1,NULL,'',NULL,NULL,NULL,0,NULL,NULL,NULL,NULL,NULL,NULL,NULL,0,'2021-03-31 05:52:30','2021-03-31 05:52:30');
INSERT INTO `civicrm_contact` (`id`, `contact_type`, `contact_sub_type`, `do_not_email`, `do_not_phone`, `do_not_mail`, `do_not_sms`, `do_not_trade`, `is_opt_out`, `legal_identifier`, `external_identifier`, `sort_name`, `display_name`, `nick_name`, `legal_name`, `image_URL`, `preferred_communication_method`, `preferred_language`, `preferred_mail_format`, `hash`, `api_key`, `source`, `first_name`, `middle_name`, `last_name`, `prefix_id`, `suffix_id`, `formal_title`, `communication_style_id`, `email_greeting_id`, `email_greeting_custom`, `email_greeting_display`, `postal_greeting_id`, `postal_greeting_custom`, `postal_greeting_display`, `addressee_id`, `addressee_custom`, `addressee_display`, `job_title`, `gender_id`, `birth_date`, `is_deceased`, `deceased_date`, `household_name`, `primary_contact_id`, `organization_name`, `sic_code`, `user_unique_id`, `employer_id`, `is_deleted`, `created_date`, `modified_date`) VALUES (60,'Individual',NULL,0,0,0,0,0,0,NULL,NULL,'HfswNR8KPeRv7zDZnpKs60640e1e09b76_13@example.com','HfswNR8KPeRv7zDZnpKs60640e1e09b76_13@example.com',NULL,NULL,NULL,NULL,'en_US','Both','ba37fc3bf1c69a690cd71eee5a17066f',NULL,NULL,NULL,NULL,NULL,NULL,NULL,NULL,1,1,NULL,'Dear',1,NULL,'Dear',1,NULL,'',NULL,NULL,NULL,0,NULL,NULL,NULL,NULL,NULL,NULL,NULL,0,'2021-03-31 05:52:30','2021-03-31 05:52:30');
INSERT INTO `civicrm_contact` (`id`, `contact_type`, `contact_sub_type`, `do_not_email`, `do_not_phone`, `do_not_mail`, `do_not_sms`, `do_not_trade`, `is_opt_out`, `legal_identifier`, `external_identifier`, `sort_name`, `display_name`, `nick_name`, `legal_name`, `image_URL`, `preferred_communication_method`, `preferred_language`, `preferred_mail_format`, `hash`, `api_key`, `source`, `first_name`, `middle_name`, `last_name`, `prefix_id`, `suffix_id`, `formal_title`, `communication_style_id`, `email_greeting_id`, `email_greeting_custom`, `email_greeting_display`, `postal_greeting_id`, `postal_greeting_custom`, `postal_greeting_display`, `addressee_id`, `addressee_custom`, `addressee_display`, `job_title`, `gender_id`, `birth_date`, `is_deceased`, `deceased_date`, `household_name`, `primary_contact_id`, `organization_name`, `sic_code`, `user_unique_id`, `employer_id`, `is_deleted`, `created_date`, `modified_date`) VALUES (61,'Individual',NULL,0,0,0,0,0,0,NULL,NULL,'HfswNR8KPeRv7zDZnpKs60640e1e09b76_14@example.com','HfswNR8KPeRv7zDZnpKs60640e1e09b76_14@example.com',NULL,NULL,NULL,NULL,'en_US','Both','8506ec8bf49872bd6b990839dd2092e1',NULL,NULL,NULL,NULL,NULL,NULL,NULL,NULL,1,1,NULL,'Dear',1,NULL,'Dear',1,NULL,'',NULL,NULL,NULL,0,NULL,NULL,NULL,NULL,NULL,NULL,NULL,0,'2021-03-31 05:52:30','2021-03-31 05:52:30');
INSERT INTO `civicrm_contact` (`id`, `contact_type`, `contact_sub_type`, `do_not_email`, `do_not_phone`, `do_not_mail`, `do_not_sms`, `do_not_trade`, `is_opt_out`, `legal_identifier`, `external_identifier`, `sort_name`, `display_name`, `nick_name`, `legal_name`, `image_URL`, `preferred_communication_method`, `preferred_language`, `preferred_mail_format`, `hash`, `api_key`, `source`, `first_name`, `middle_name`, `last_name`, `prefix_id`, `suffix_id`, `formal_title`, `communication_style_id`, `email_greeting_id`, `email_greeting_custom`, `email_greeting_display`, `postal_greeting_id`, `postal_greeting_custom`, `postal_greeting_display`, `addressee_id`, `addressee_custom`, `addressee_display`, `job_title`, `gender_id`, `birth_date`, `is_deceased`, `deceased_date`, `household_name`, `primary_contact_id`, `organization_name`, `sic_code`, `user_unique_id`, `employer_id`, `is_deleted`, `created_date`, `modified_date`) VALUES (62,'Individual',NULL,0,0,0,0,0,0,NULL,NULL,'HfswNR8KPeRv7zDZnpKs60640e1e09b76_15@example.com','HfswNR8KPeRv7zDZnpKs60640e1e09b76_15@example.com',NULL,NULL,NULL,NULL,'en_US','Both','6bd3d470e6096b7dfc0eec26b75d482e',NULL,NULL,NULL,NULL,NULL,NULL,NULL,NULL,1,1,NULL,'Dear',1,NULL,'Dear',1,NULL,'',NULL,NULL,NULL,0,NULL,NULL,NULL,NULL,NULL,NULL,NULL,0,'2021-03-31 05:52:30','2021-03-31 05:52:30');
INSERT INTO `civicrm_contact` (`id`, `contact_type`, `contact_sub_type`, `do_not_email`, `do_not_phone`, `do_not_mail`, `do_not_sms`, `do_not_trade`, `is_opt_out`, `legal_identifier`, `external_identifier`, `sort_name`, `display_name`, `nick_name`, `legal_name`, `image_URL`, `preferred_communication_method`, `preferred_language`, `preferred_mail_format`, `hash`, `api_key`, `source`, `first_name`, `middle_name`, `last_name`, `prefix_id`, `suffix_id`, `formal_title`, `communication_style_id`, `email_greeting_id`, `email_greeting_custom`, `email_greeting_display`, `postal_greeting_id`, `postal_greeting_custom`, `postal_greeting_display`, `addressee_id`, `addressee_custom`, `addressee_display`, `job_title`, `gender_id`, `birth_date`, `is_deceased`, `deceased_date`, `household_name`, `primary_contact_id`, `organization_name`, `sic_code`, `user_unique_id`, `employer_id`, `is_deleted`, `created_date`, `modified_date`) VALUES (63,'Individual',NULL,0,0,0,0,0,0,NULL,NULL,'HfswNR8KPeRv7zDZnpKs60640e1e09b76_16@example.com','HfswNR8KPeRv7zDZnpKs60640e1e09b76_16@example.com',NULL,NULL,NULL,NULL,'en_US','Both','6550eab069478a08ead1a47319ee90c2',NULL,NULL,NULL,NULL,NULL,NULL,NULL,NULL,1,1,NULL,'Dear',1,NULL,'Dear',1,NULL,'',NULL,NULL,NULL,0,NULL,NULL,NULL,NULL,NULL,NULL,NULL,0,'2021-03-31 05:52:30','2021-03-31 05:52:30');
INSERT INTO `civicrm_contact` (`id`, `contact_type`, `contact_sub_type`, `do_not_email`, `do_not_phone`, `do_not_mail`, `do_not_sms`, `do_not_trade`, `is_opt_out`, `legal_identifier`, `external_identifier`, `sort_name`, `display_name`, `nick_name`, `legal_name`, `image_URL`, `preferred_communication_method`, `preferred_language`, `preferred_mail_format`, `hash`, `api_key`, `source`, `first_name`, `middle_name`, `last_name`, `prefix_id`, `suffix_id`, `formal_title`, `communication_style_id`, `email_greeting_id`, `email_greeting_custom`, `email_greeting_display`, `postal_greeting_id`, `postal_greeting_custom`, `postal_greeting_display`, `addressee_id`, `addressee_custom`, `addressee_display`, `job_title`, `gender_id`, `birth_date`, `is_deceased`, `deceased_date`, `household_name`, `primary_contact_id`, `organization_name`, `sic_code`, `user_unique_id`, `employer_id`, `is_deleted`, `created_date`, `modified_date`) VALUES (64,'Individual',NULL,0,0,0,0,0,0,NULL,NULL,'HfswNR8KPeRv7zDZnpKs60640e1e09b76_17@example.com','HfswNR8KPeRv7zDZnpKs60640e1e09b76_17@example.com',NULL,NULL,NULL,NULL,'en_US','Both','a6814f82aec76ab96641a05018bc866d',NULL,NULL,NULL,NULL,NULL,NULL,NULL,NULL,1,1,NULL,'Dear',1,NULL,'Dear',1,NULL,'',NULL,NULL,NULL,0,NULL,NULL,NULL,NULL,NULL,NULL,NULL,0,'2021-03-31 05:52:30','2021-03-31 05:52:30');
INSERT INTO `civicrm_contact` (`id`, `contact_type`, `contact_sub_type`, `do_not_email`, `do_not_phone`, `do_not_mail`, `do_not_sms`, `do_not_trade`, `is_opt_out`, `legal_identifier`, `external_identifier`, `sort_name`, `display_name`, `nick_name`, `legal_name`, `image_URL`, `preferred_communication_method`, `preferred_language`, `preferred_mail_format`, `hash`, `api_key`, `source`, `first_name`, `middle_name`, `last_name`, `prefix_id`, `suffix_id`, `formal_title`, `communication_style_id`, `email_greeting_id`, `email_greeting_custom`, `email_greeting_display`, `postal_greeting_id`, `postal_greeting_custom`, `postal_greeting_display`, `addressee_id`, `addressee_custom`, `addressee_display`, `job_title`, `gender_id`, `birth_date`, `is_deceased`, `deceased_date`, `household_name`, `primary_contact_id`, `organization_name`, `sic_code`, `user_unique_id`, `employer_id`, `is_deleted`, `created_date`, `modified_date`) VALUES (65,'Individual',NULL,0,0,0,0,0,0,NULL,NULL,'HfswNR8KPeRv7zDZnpKs60640e1e09b76_18@example.com','HfswNR8KPeRv7zDZnpKs60640e1e09b76_18@example.com',NULL,NULL,NULL,NULL,'en_US','Both','1e26942b1e480a5429618782f01b5db3',NULL,NULL,NULL,NULL,NULL,NULL,NULL,NULL,1,1,NULL,'Dear',1,NULL,'Dear',1,NULL,'',NULL,NULL,NULL,0,NULL,NULL,NULL,NULL,NULL,NULL,NULL,0,'2021-03-31 05:52:30','2021-03-31 05:52:30');
INSERT INTO `civicrm_contact` (`id`, `contact_type`, `contact_sub_type`, `do_not_email`, `do_not_phone`, `do_not_mail`, `do_not_sms`, `do_not_trade`, `is_opt_out`, `legal_identifier`, `external_identifier`, `sort_name`, `display_name`, `nick_name`, `legal_name`, `image_URL`, `preferred_communication_method`, `preferred_language`, `preferred_mail_format`, `hash`, `api_key`, `source`, `first_name`, `middle_name`, `last_name`, `prefix_id`, `suffix_id`, `formal_title`, `communication_style_id`, `email_greeting_id`, `email_greeting_custom`, `email_greeting_display`, `postal_greeting_id`, `postal_greeting_custom`, `postal_greeting_display`, `addressee_id`, `addressee_custom`, `addressee_display`, `job_title`, `gender_id`, `birth_date`, `is_deceased`, `deceased_date`, `household_name`, `primary_contact_id`, `organization_name`, `sic_code`, `user_unique_id`, `employer_id`, `is_deleted`, `created_date`, `modified_date`) VALUES (66,'Individual',NULL,0,0,0,0,0,0,NULL,NULL,'HfswNR8KPeRv7zDZnpKs60640e1e09b76_19@example.com','HfswNR8KPeRv7zDZnpKs60640e1e09b76_19@example.com',NULL,NULL,NULL,NULL,'en_US','Both','c829b9e589bd98be355a9d6a26936990',NULL,NULL,NULL,NULL,NULL,NULL,NULL,NULL,1,1,NULL,'Dear',1,NULL,'Dear',1,NULL,'',NULL,NULL,NULL,0,NULL,NULL,NULL,NULL,NULL,NULL,NULL,0,'2021-03-31 05:52:30','2021-03-31 05:52:30');
INSERT INTO `civicrm_contact` (`id`, `contact_type`, `contact_sub_type`, `do_not_email`, `do_not_phone`, `do_not_mail`, `do_not_sms`, `do_not_trade`, `is_opt_out`, `legal_identifier`, `external_identifier`, `sort_name`, `display_name`, `nick_name`, `legal_name`, `image_URL`, `preferred_communication_method`, `preferred_language`, `preferred_mail_format`, `hash`, `api_key`, `source`, `first_name`, `middle_name`, `last_name`, `prefix_id`, `suffix_id`, `formal_title`, `communication_style_id`, `email_greeting_id`, `email_greeting_custom`, `email_greeting_display`, `postal_greeting_id`, `postal_greeting_custom`, `postal_greeting_display`, `addressee_id`, `addressee_custom`, `addressee_display`, `job_title`, `gender_id`, `birth_date`, `is_deceased`, `deceased_date`, `household_name`, `primary_contact_id`, `organization_name`, `sic_code`, `user_unique_id`, `employer_id`, `is_deleted`, `created_date`, `modified_date`) VALUES (67,'Individual',NULL,0,0,0,0,0,0,NULL,NULL,'HfswNR8KPeRv7zDZnpKs60640e1e09b76_20@example.com','HfswNR8KPeRv7zDZnpKs60640e1e09b76_20@example.com',NULL,NULL,NULL,NULL,'en_US','Both','cc5c2c2543d48d3d2059c49ff2086938',NULL,NULL,NULL,NULL,NULL,NULL,NULL,NULL,1,1,NULL,'Dear',1,NULL,'Dear',1,NULL,'',NULL,NULL,NULL,0,NULL,NULL,NULL,NULL,NULL,NULL,NULL,0,'2021-03-31 05:52:30','2021-03-31 05:52:30');
INSERT INTO `civicrm_contact` (`id`, `contact_type`, `contact_sub_type`, `do_not_email`, `do_not_phone`, `do_not_mail`, `do_not_sms`, `do_not_trade`, `is_opt_out`, `legal_identifier`, `external_identifier`, `sort_name`, `display_name`, `nick_name`, `legal_name`, `image_URL`, `preferred_communication_method`, `preferred_language`, `preferred_mail_format`, `hash`, `api_key`, `source`, `first_name`, `middle_name`, `last_name`, `prefix_id`, `suffix_id`, `formal_title`, `communication_style_id`, `email_greeting_id`, `email_greeting_custom`, `email_greeting_display`, `postal_greeting_id`, `postal_greeting_custom`, `postal_greeting_display`, `addressee_id`, `addressee_custom`, `addressee_display`, `job_title`, `gender_id`, `birth_date`, `is_deceased`, `deceased_date`, `household_name`, `primary_contact_id`, `organization_name`, `sic_code`, `user_unique_id`, `employer_id`, `is_deleted`, `created_date`, `modified_date`) VALUES (68,'Individual',NULL,0,0,0,0,0,0,NULL,NULL,'HfswNR8KPeRv7zDZnpKs60640e1e09b76_21@example.com','HfswNR8KPeRv7zDZnpKs60640e1e09b76_21@example.com',NULL,NULL,NULL,NULL,'en_US','Both','8df02d9ed4e43a7e4a4e400335a63da8',NULL,NULL,NULL,NULL,NULL,NULL,NULL,NULL,1,1,NULL,'Dear',1,NULL,'Dear',1,NULL,'',NULL,NULL,NULL,0,NULL,NULL,NULL,NULL,NULL,NULL,NULL,0,'2021-03-31 05:52:30','2021-03-31 05:52:30');
INSERT INTO `civicrm_contact` (`id`, `contact_type`, `contact_sub_type`, `do_not_email`, `do_not_phone`, `do_not_mail`, `do_not_sms`, `do_not_trade`, `is_opt_out`, `legal_identifier`, `external_identifier`, `sort_name`, `display_name`, `nick_name`, `legal_name`, `image_URL`, `preferred_communication_method`, `preferred_language`, `preferred_mail_format`, `hash`, `api_key`, `source`, `first_name`, `middle_name`, `last_name`, `prefix_id`, `suffix_id`, `formal_title`, `communication_style_id`, `email_greeting_id`, `email_greeting_custom`, `email_greeting_display`, `postal_greeting_id`, `postal_greeting_custom`, `postal_greeting_display`, `addressee_id`, `addressee_custom`, `addressee_display`, `job_title`, `gender_id`, `birth_date`, `is_deceased`, `deceased_date`, `household_name`, `primary_contact_id`, `organization_name`, `sic_code`, `user_unique_id`, `employer_id`, `is_deleted`, `created_date`, `modified_date`) VALUES (69,'Individual',NULL,0,0,0,0,0,0,NULL,NULL,'HfswNR8KPeRv7zDZnpKs60640e1e09b76_22@example.com','HfswNR8KPeRv7zDZnpKs60640e1e09b76_22@example.com',NULL,NULL,NULL,NULL,'en_US','Both','c55ec8bc3070f148dc6541613361831b',NULL,NULL,NULL,NULL,NULL,NULL,NULL,NULL,1,1,NULL,'Dear',1,NULL,'Dear',1,NULL,'',NULL,NULL,NULL,0,NULL,NULL,NULL,NULL,NULL,NULL,NULL,0,'2021-03-31 05:52:30','2021-03-31 05:52:30');
INSERT INTO `civicrm_contact` (`id`, `contact_type`, `contact_sub_type`, `do_not_email`, `do_not_phone`, `do_not_mail`, `do_not_sms`, `do_not_trade`, `is_opt_out`, `legal_identifier`, `external_identifier`, `sort_name`, `display_name`, `nick_name`, `legal_name`, `image_URL`, `preferred_communication_method`, `preferred_language`, `preferred_mail_format`, `hash`, `api_key`, `source`, `first_name`, `middle_name`, `last_name`, `prefix_id`, `suffix_id`, `formal_title`, `communication_style_id`, `email_greeting_id`, `email_greeting_custom`, `email_greeting_display`, `postal_greeting_id`, `postal_greeting_custom`, `postal_greeting_display`, `addressee_id`, `addressee_custom`, `addressee_display`, `job_title`, `gender_id`, `birth_date`, `is_deceased`, `deceased_date`, `household_name`, `primary_contact_id`, `organization_name`, `sic_code`, `user_unique_id`, `employer_id`, `is_deleted`, `created_date`, `modified_date`) VALUES (70,'Individual',NULL,0,0,0,0,0,0,NULL,NULL,'HfswNR8KPeRv7zDZnpKs60640e1e09b76_23@example.com','HfswNR8KPeRv7zDZnpKs60640e1e09b76_23@example.com',NULL,NULL,NULL,NULL,'en_US','Both','3a2e27cf3795dc003cc023755da5484a',NULL,NULL,NULL,NULL,NULL,NULL,NULL,NULL,1,1,NULL,'Dear',1,NULL,'Dear',1,NULL,'',NULL,NULL,NULL,0,NULL,NULL,NULL,NULL,NULL,NULL,NULL,0,'2021-03-31 05:52:30','2021-03-31 05:52:30');
INSERT INTO `civicrm_contact` (`id`, `contact_type`, `contact_sub_type`, `do_not_email`, `do_not_phone`, `do_not_mail`, `do_not_sms`, `do_not_trade`, `is_opt_out`, `legal_identifier`, `external_identifier`, `sort_name`, `display_name`, `nick_name`, `legal_name`, `image_URL`, `preferred_communication_method`, `preferred_language`, `preferred_mail_format`, `hash`, `api_key`, `source`, `first_name`, `middle_name`, `last_name`, `prefix_id`, `suffix_id`, `formal_title`, `communication_style_id`, `email_greeting_id`, `email_greeting_custom`, `email_greeting_display`, `postal_greeting_id`, `postal_greeting_custom`, `postal_greeting_display`, `addressee_id`, `addressee_custom`, `addressee_display`, `job_title`, `gender_id`, `birth_date`, `is_deceased`, `deceased_date`, `household_name`, `primary_contact_id`, `organization_name`, `sic_code`, `user_unique_id`, `employer_id`, `is_deleted`, `created_date`, `modified_date`) VALUES (71,'Individual',NULL,0,0,0,0,0,0,NULL,NULL,'HfswNR8KPeRv7zDZnpKs60640e1e09b76_24@example.com','HfswNR8KPeRv7zDZnpKs60640e1e09b76_24@example.com',NULL,NULL,NULL,NULL,'en_US','Both','5d107243c41199916828a8f502c0ada5',NULL,NULL,NULL,NULL,NULL,NULL,NULL,NULL,1,1,NULL,'Dear',1,NULL,'Dear',1,NULL,'',NULL,NULL,NULL,0,NULL,NULL,NULL,NULL,NULL,NULL,NULL,0,'2021-03-31 05:52:30','2021-03-31 05:52:30');
INSERT INTO `civicrm_contact` (`id`, `contact_type`, `contact_sub_type`, `do_not_email`, `do_not_phone`, `do_not_mail`, `do_not_sms`, `do_not_trade`, `is_opt_out`, `legal_identifier`, `external_identifier`, `sort_name`, `display_name`, `nick_name`, `legal_name`, `image_URL`, `preferred_communication_method`, `preferred_language`, `preferred_mail_format`, `hash`, `api_key`, `source`, `first_name`, `middle_name`, `last_name`, `prefix_id`, `suffix_id`, `formal_title`, `communication_style_id`, `email_greeting_id`, `email_greeting_custom`, `email_greeting_display`, `postal_greeting_id`, `postal_greeting_custom`, `postal_greeting_display`, `addressee_id`, `addressee_custom`, `addressee_display`, `job_title`, `gender_id`, `birth_date`, `is_deceased`, `deceased_date`, `household_name`, `primary_contact_id`, `organization_name`, `sic_code`, `user_unique_id`, `employer_id`, `is_deleted`, `created_date`, `modified_date`) VALUES (72,'Individual',NULL,0,0,0,0,0,0,NULL,NULL,'HfswNR8KPeRv7zDZnpKs60640e1e09b76_25@example.com','HfswNR8KPeRv7zDZnpKs60640e1e09b76_25@example.com',NULL,NULL,NULL,NULL,'en_US','Both','5d4624191024388101a7585b2a8a90d2',NULL,NULL,NULL,NULL,NULL,NULL,NULL,NULL,1,1,NULL,'Dear',1,NULL,'Dear',1,NULL,'',NULL,NULL,NULL,0,NULL,NULL,NULL,NULL,NULL,NULL,NULL,0,'2021-03-31 05:52:30','2021-03-31 05:52:30');
INSERT INTO `civicrm_contact` (`id`, `contact_type`, `contact_sub_type`, `do_not_email`, `do_not_phone`, `do_not_mail`, `do_not_sms`, `do_not_trade`, `is_opt_out`, `legal_identifier`, `external_identifier`, `sort_name`, `display_name`, `nick_name`, `legal_name`, `image_URL`, `preferred_communication_method`, `preferred_language`, `preferred_mail_format`, `hash`, `api_key`, `source`, `first_name`, `middle_name`, `last_name`, `prefix_id`, `suffix_id`, `formal_title`, `communication_style_id`, `email_greeting_id`, `email_greeting_custom`, `email_greeting_display`, `postal_greeting_id`, `postal_greeting_custom`, `postal_greeting_display`, `addressee_id`, `addressee_custom`, `addressee_display`, `job_title`, `gender_id`, `birth_date`, `is_deceased`, `deceased_date`, `household_name`, `primary_contact_id`, `organization_name`, `sic_code`, `user_unique_id`, `employer_id`, `is_deleted`, `created_date`, `modified_date`) VALUES (73,'Individual',NULL,0,0,0,0,0,0,NULL,NULL,'HfswNR8KPeRv7zDZnpKs60640e1e09b76_26@example.com','HfswNR8KPeRv7zDZnpKs60640e1e09b76_26@example.com',NULL,NULL,NULL,NULL,'en_US','Both','aab66baca9ac15ac210c412fc6e88c5e',NULL,NULL,NULL,NULL,NULL,NULL,NULL,NULL,1,1,NULL,'Dear',1,NULL,'Dear',1,NULL,'',NULL,NULL,NULL,0,NULL,NULL,NULL,NULL,NULL,NULL,NULL,0,'2021-03-31 05:52:30','2021-03-31 05:52:30');
INSERT INTO `civicrm_contact` (`id`, `contact_type`, `contact_sub_type`, `do_not_email`, `do_not_phone`, `do_not_mail`, `do_not_sms`, `do_not_trade`, `is_opt_out`, `legal_identifier`, `external_identifier`, `sort_name`, `display_name`, `nick_name`, `legal_name`, `image_URL`, `preferred_communication_method`, `preferred_language`, `preferred_mail_format`, `hash`, `api_key`, `source`, `first_name`, `middle_name`, `last_name`, `prefix_id`, `suffix_id`, `formal_title`, `communication_style_id`, `email_greeting_id`, `email_greeting_custom`, `email_greeting_display`, `postal_greeting_id`, `postal_greeting_custom`, `postal_greeting_display`, `addressee_id`, `addressee_custom`, `addressee_display`, `job_title`, `gender_id`, `birth_date`, `is_deceased`, `deceased_date`, `household_name`, `primary_contact_id`, `organization_name`, `sic_code`, `user_unique_id`, `employer_id`, `is_deleted`, `created_date`, `modified_date`) VALUES (74,'Individual',NULL,0,0,0,0,0,0,NULL,NULL,'HfswNR8KPeRv7zDZnpKs60640e1e09b76_27@example.com','HfswNR8KPeRv7zDZnpKs60640e1e09b76_27@example.com',NULL,NULL,NULL,NULL,'en_US','Both','0aeff9b8dc9c2b22bc560d8376997c50',NULL,NULL,NULL,NULL,NULL,NULL,NULL,NULL,1,1,NULL,'Dear',1,NULL,'Dear',1,NULL,'',NULL,NULL,NULL,0,NULL,NULL,NULL,NULL,NULL,NULL,NULL,0,'2021-03-31 05:52:31','2021-03-31 05:52:31');
INSERT INTO `civicrm_contact` (`id`, `contact_type`, `contact_sub_type`, `do_not_email`, `do_not_phone`, `do_not_mail`, `do_not_sms`, `do_not_trade`, `is_opt_out`, `legal_identifier`, `external_identifier`, `sort_name`, `display_name`, `nick_name`, `legal_name`, `image_URL`, `preferred_communication_method`, `preferred_language`, `preferred_mail_format`, `hash`, `api_key`, `source`, `first_name`, `middle_name`, `last_name`, `prefix_id`, `suffix_id`, `formal_title`, `communication_style_id`, `email_greeting_id`, `email_greeting_custom`, `email_greeting_display`, `postal_greeting_id`, `postal_greeting_custom`, `postal_greeting_display`, `addressee_id`, `addressee_custom`, `addressee_display`, `job_title`, `gender_id`, `birth_date`, `is_deceased`, `deceased_date`, `household_name`, `primary_contact_id`, `organization_name`, `sic_code`, `user_unique_id`, `employer_id`, `is_deleted`, `created_date`, `modified_date`) VALUES (75,'Individual',NULL,0,0,0,0,0,0,NULL,NULL,'HfswNR8KPeRv7zDZnpKs60640e1e09b76_28@example.com','HfswNR8KPeRv7zDZnpKs60640e1e09b76_28@example.com',NULL,NULL,NULL,NULL,'en_US','Both','773decb20fe6ffc850bbe6839ee9de6a',NULL,NULL,NULL,NULL,NULL,NULL,NULL,NULL,1,1,NULL,'Dear',1,NULL,'Dear',1,NULL,'',NULL,NULL,NULL,0,NULL,NULL,NULL,NULL,NULL,NULL,NULL,0,'2021-03-31 05:52:31','2021-03-31 05:52:31');
INSERT INTO `civicrm_contact` (`id`, `contact_type`, `contact_sub_type`, `do_not_email`, `do_not_phone`, `do_not_mail`, `do_not_sms`, `do_not_trade`, `is_opt_out`, `legal_identifier`, `external_identifier`, `sort_name`, `display_name`, `nick_name`, `legal_name`, `image_URL`, `preferred_communication_method`, `preferred_language`, `preferred_mail_format`, `hash`, `api_key`, `source`, `first_name`, `middle_name`, `last_name`, `prefix_id`, `suffix_id`, `formal_title`, `communication_style_id`, `email_greeting_id`, `email_greeting_custom`, `email_greeting_display`, `postal_greeting_id`, `postal_greeting_custom`, `postal_greeting_display`, `addressee_id`, `addressee_custom`, `addressee_display`, `job_title`, `gender_id`, `birth_date`, `is_deceased`, `deceased_date`, `household_name`, `primary_contact_id`, `organization_name`, `sic_code`, `user_unique_id`, `employer_id`, `is_deleted`, `created_date`, `modified_date`) VALUES (76,'Individual',NULL,0,0,0,0,0,0,NULL,NULL,'HfswNR8KPeRv7zDZnpKs60640e1e09b76_29@example.com','HfswNR8KPeRv7zDZnpKs60640e1e09b76_29@example.com',NULL,NULL,NULL,NULL,'en_US','Both','458ce26792608ceb1799e3ea0e968d98',NULL,NULL,NULL,NULL,NULL,NULL,NULL,NULL,1,1,NULL,'Dear',1,NULL,'Dear',1,NULL,'',NULL,NULL,NULL,0,NULL,NULL,NULL,NULL,NULL,NULL,NULL,0,'2021-03-31 05:52:31','2021-03-31 05:52:31');
INSERT INTO `civicrm_contact` (`id`, `contact_type`, `contact_sub_type`, `do_not_email`, `do_not_phone`, `do_not_mail`, `do_not_sms`, `do_not_trade`, `is_opt_out`, `legal_identifier`, `external_identifier`, `sort_name`, `display_name`, `nick_name`, `legal_name`, `image_URL`, `preferred_communication_method`, `preferred_language`, `preferred_mail_format`, `hash`, `api_key`, `source`, `first_name`, `middle_name`, `last_name`, `prefix_id`, `suffix_id`, `formal_title`, `communication_style_id`, `email_greeting_id`, `email_greeting_custom`, `email_greeting_display`, `postal_greeting_id`, `postal_greeting_custom`, `postal_greeting_display`, `addressee_id`, `addressee_custom`, `addressee_display`, `job_title`, `gender_id`, `birth_date`, `is_deceased`, `deceased_date`, `household_name`, `primary_contact_id`, `organization_name`, `sic_code`, `user_unique_id`, `employer_id`, `is_deleted`, `created_date`, `modified_date`) VALUES (77,'Individual',NULL,0,0,0,0,0,0,NULL,NULL,'HfswNR8KPeRv7zDZnpKs60640e1e09b76_30@example.com','HfswNR8KPeRv7zDZnpKs60640e1e09b76_30@example.com',NULL,NULL,NULL,NULL,'en_US','Both','314326af399a7c232ead2e908cdc0b43',NULL,NULL,NULL,NULL,NULL,NULL,NULL,NULL,1,1,NULL,'Dear',1,NULL,'Dear',1,NULL,'',NULL,NULL,NULL,0,NULL,NULL,NULL,NULL,NULL,NULL,NULL,0,'2021-03-31 05:52:31','2021-03-31 05:52:31');
INSERT INTO `civicrm_contact` (`id`, `contact_type`, `contact_sub_type`, `do_not_email`, `do_not_phone`, `do_not_mail`, `do_not_sms`, `do_not_trade`, `is_opt_out`, `legal_identifier`, `external_identifier`, `sort_name`, `display_name`, `nick_name`, `legal_name`, `image_URL`, `preferred_communication_method`, `preferred_language`, `preferred_mail_format`, `hash`, `api_key`, `source`, `first_name`, `middle_name`, `last_name`, `prefix_id`, `suffix_id`, `formal_title`, `communication_style_id`, `email_greeting_id`, `email_greeting_custom`, `email_greeting_display`, `postal_greeting_id`, `postal_greeting_custom`, `postal_greeting_display`, `addressee_id`, `addressee_custom`, `addressee_display`, `job_title`, `gender_id`, `birth_date`, `is_deceased`, `deceased_date`, `household_name`, `primary_contact_id`, `organization_name`, `sic_code`, `user_unique_id`, `employer_id`, `is_deleted`, `created_date`, `modified_date`) VALUES (78,'Individual',NULL,0,0,0,0,0,0,NULL,NULL,'HfswNR8KPeRv7zDZnpKs60640e1e09b76_31@example.com','HfswNR8KPeRv7zDZnpKs60640e1e09b76_31@example.com',NULL,NULL,NULL,NULL,'en_US','Both','e701ea0b3a99e6eba33161b0fe8c84f4',NULL,NULL,NULL,NULL,NULL,NULL,NULL,NULL,1,1,NULL,'Dear',1,NULL,'Dear',1,NULL,'',NULL,NULL,NULL,0,NULL,NULL,NULL,NULL,NULL,NULL,NULL,0,'2021-03-31 05:52:31','2021-03-31 05:52:31');
INSERT INTO `civicrm_contact` (`id`, `contact_type`, `contact_sub_type`, `do_not_email`, `do_not_phone`, `do_not_mail`, `do_not_sms`, `do_not_trade`, `is_opt_out`, `legal_identifier`, `external_identifier`, `sort_name`, `display_name`, `nick_name`, `legal_name`, `image_URL`, `preferred_communication_method`, `preferred_language`, `preferred_mail_format`, `hash`, `api_key`, `source`, `first_name`, `middle_name`, `last_name`, `prefix_id`, `suffix_id`, `formal_title`, `communication_style_id`, `email_greeting_id`, `email_greeting_custom`, `email_greeting_display`, `postal_greeting_id`, `postal_greeting_custom`, `postal_greeting_display`, `addressee_id`, `addressee_custom`, `addressee_display`, `job_title`, `gender_id`, `birth_date`, `is_deceased`, `deceased_date`, `household_name`, `primary_contact_id`, `organization_name`, `sic_code`, `user_unique_id`, `employer_id`, `is_deleted`, `created_date`, `modified_date`) VALUES (79,'Individual',NULL,0,0,0,0,0,0,NULL,NULL,'HfswNR8KPeRv7zDZnpKs60640e1e09b76_32@example.com','HfswNR8KPeRv7zDZnpKs60640e1e09b76_32@example.com',NULL,NULL,NULL,NULL,'en_US','Both','865fbc82911ec5e7c642ddb7d5fd9428',NULL,NULL,NULL,NULL,NULL,NULL,NULL,NULL,1,1,NULL,'Dear',1,NULL,'Dear',1,NULL,'',NULL,NULL,NULL,0,NULL,NULL,NULL,NULL,NULL,NULL,NULL,0,'2021-03-31 05:52:31','2021-03-31 05:52:31');
INSERT INTO `civicrm_contact` (`id`, `contact_type`, `contact_sub_type`, `do_not_email`, `do_not_phone`, `do_not_mail`, `do_not_sms`, `do_not_trade`, `is_opt_out`, `legal_identifier`, `external_identifier`, `sort_name`, `display_name`, `nick_name`, `legal_name`, `image_URL`, `preferred_communication_method`, `preferred_language`, `preferred_mail_format`, `hash`, `api_key`, `source`, `first_name`, `middle_name`, `last_name`, `prefix_id`, `suffix_id`, `formal_title`, `communication_style_id`, `email_greeting_id`, `email_greeting_custom`, `email_greeting_display`, `postal_greeting_id`, `postal_greeting_custom`, `postal_greeting_display`, `addressee_id`, `addressee_custom`, `addressee_display`, `job_title`, `gender_id`, `birth_date`, `is_deceased`, `deceased_date`, `household_name`, `primary_contact_id`, `organization_name`, `sic_code`, `user_unique_id`, `employer_id`, `is_deleted`, `created_date`, `modified_date`) VALUES (80,'Individual',NULL,0,0,0,0,0,0,NULL,NULL,'HfswNR8KPeRv7zDZnpKs60640e1e09b76_33@example.com','HfswNR8KPeRv7zDZnpKs60640e1e09b76_33@example.com',NULL,NULL,NULL,NULL,'en_US','Both','7b5b6ed8cc930771bae5458bac56a3e0',NULL,NULL,NULL,NULL,NULL,NULL,NULL,NULL,1,1,NULL,'Dear',1,NULL,'Dear',1,NULL,'',NULL,NULL,NULL,0,NULL,NULL,NULL,NULL,NULL,NULL,NULL,0,'2021-03-31 05:52:31','2021-03-31 05:52:31');
INSERT INTO `civicrm_contact` (`id`, `contact_type`, `contact_sub_type`, `do_not_email`, `do_not_phone`, `do_not_mail`, `do_not_sms`, `do_not_trade`, `is_opt_out`, `legal_identifier`, `external_identifier`, `sort_name`, `display_name`, `nick_name`, `legal_name`, `image_URL`, `preferred_communication_method`, `preferred_language`, `preferred_mail_format`, `hash`, `api_key`, `source`, `first_name`, `middle_name`, `last_name`, `prefix_id`, `suffix_id`, `formal_title`, `communication_style_id`, `email_greeting_id`, `email_greeting_custom`, `email_greeting_display`, `postal_greeting_id`, `postal_greeting_custom`, `postal_greeting_display`, `addressee_id`, `addressee_custom`, `addressee_display`, `job_title`, `gender_id`, `birth_date`, `is_deceased`, `deceased_date`, `household_name`, `primary_contact_id`, `organization_name`, `sic_code`, `user_unique_id`, `employer_id`, `is_deleted`, `created_date`, `modified_date`) VALUES (81,'Individual',NULL,0,0,0,0,0,0,NULL,NULL,'HfswNR8KPeRv7zDZnpKs60640e1e09b76_34@example.com','HfswNR8KPeRv7zDZnpKs60640e1e09b76_34@example.com',NULL,NULL,NULL,NULL,'en_US','Both','ba02d313740bb494c01ca2c7ad9709e8',NULL,NULL,NULL,NULL,NULL,NULL,NULL,NULL,1,1,NULL,'Dear',1,NULL,'Dear',1,NULL,'',NULL,NULL,NULL,0,NULL,NULL,NULL,NULL,NULL,NULL,NULL,0,'2021-03-31 05:52:31','2021-03-31 05:52:31');
INSERT INTO `civicrm_contact` (`id`, `contact_type`, `contact_sub_type`, `do_not_email`, `do_not_phone`, `do_not_mail`, `do_not_sms`, `do_not_trade`, `is_opt_out`, `legal_identifier`, `external_identifier`, `sort_name`, `display_name`, `nick_name`, `legal_name`, `image_URL`, `preferred_communication_method`, `preferred_language`, `preferred_mail_format`, `hash`, `api_key`, `source`, `first_name`, `middle_name`, `last_name`, `prefix_id`, `suffix_id`, `formal_title`, `communication_style_id`, `email_greeting_id`, `email_greeting_custom`, `email_greeting_display`, `postal_greeting_id`, `postal_greeting_custom`, `postal_greeting_display`, `addressee_id`, `addressee_custom`, `addressee_display`, `job_title`, `gender_id`, `birth_date`, `is_deceased`, `deceased_date`, `household_name`, `primary_contact_id`, `organization_name`, `sic_code`, `user_unique_id`, `employer_id`, `is_deleted`, `created_date`, `modified_date`) VALUES (82,'Individual',NULL,0,0,0,0,0,0,NULL,NULL,'HfswNR8KPeRv7zDZnpKs60640e1e09b76_35@example.com','HfswNR8KPeRv7zDZnpKs60640e1e09b76_35@example.com',NULL,NULL,NULL,NULL,'en_US','Both','9c1cc2c55a06715418e94484d3485609',NULL,NULL,NULL,NULL,NULL,NULL,NULL,NULL,1,1,NULL,'Dear',1,NULL,'Dear',1,NULL,'',NULL,NULL,NULL,0,NULL,NULL,NULL,NULL,NULL,NULL,NULL,0,'2021-03-31 05:52:31','2021-03-31 05:52:31');
INSERT INTO `civicrm_contact` (`id`, `contact_type`, `contact_sub_type`, `do_not_email`, `do_not_phone`, `do_not_mail`, `do_not_sms`, `do_not_trade`, `is_opt_out`, `legal_identifier`, `external_identifier`, `sort_name`, `display_name`, `nick_name`, `legal_name`, `image_URL`, `preferred_communication_method`, `preferred_language`, `preferred_mail_format`, `hash`, `api_key`, `source`, `first_name`, `middle_name`, `last_name`, `prefix_id`, `suffix_id`, `formal_title`, `communication_style_id`, `email_greeting_id`, `email_greeting_custom`, `email_greeting_display`, `postal_greeting_id`, `postal_greeting_custom`, `postal_greeting_display`, `addressee_id`, `addressee_custom`, `addressee_display`, `job_title`, `gender_id`, `birth_date`, `is_deceased`, `deceased_date`, `household_name`, `primary_contact_id`, `organization_name`, `sic_code`, `user_unique_id`, `employer_id`, `is_deleted`, `created_date`, `modified_date`) VALUES (83,'Individual',NULL,0,0,0,0,0,0,NULL,NULL,'HfswNR8KPeRv7zDZnpKs60640e1e09b76_36@example.com','HfswNR8KPeRv7zDZnpKs60640e1e09b76_36@example.com',NULL,NULL,NULL,NULL,'en_US','Both','ced47c7a1a6d4bd27f644d74ef73955a',NULL,NULL,NULL,NULL,NULL,NULL,NULL,NULL,1,1,NULL,'Dear',1,NULL,'Dear',1,NULL,'',NULL,NULL,NULL,0,NULL,NULL,NULL,NULL,NULL,NULL,NULL,0,'2021-03-31 05:52:31','2021-03-31 05:52:31');
INSERT INTO `civicrm_contact` (`id`, `contact_type`, `contact_sub_type`, `do_not_email`, `do_not_phone`, `do_not_mail`, `do_not_sms`, `do_not_trade`, `is_opt_out`, `legal_identifier`, `external_identifier`, `sort_name`, `display_name`, `nick_name`, `legal_name`, `image_URL`, `preferred_communication_method`, `preferred_language`, `preferred_mail_format`, `hash`, `api_key`, `source`, `first_name`, `middle_name`, `last_name`, `prefix_id`, `suffix_id`, `formal_title`, `communication_style_id`, `email_greeting_id`, `email_greeting_custom`, `email_greeting_display`, `postal_greeting_id`, `postal_greeting_custom`, `postal_greeting_display`, `addressee_id`, `addressee_custom`, `addressee_display`, `job_title`, `gender_id`, `birth_date`, `is_deceased`, `deceased_date`, `household_name`, `primary_contact_id`, `organization_name`, `sic_code`, `user_unique_id`, `employer_id`, `is_deleted`, `created_date`, `modified_date`) VALUES (84,'Individual',NULL,0,0,0,0,0,0,NULL,NULL,'HfswNR8KPeRv7zDZnpKs60640e1e09b76_37@example.com','HfswNR8KPeRv7zDZnpKs60640e1e09b76_37@example.com',NULL,NULL,NULL,NULL,'en_US','Both','9fced7f6f8ce4fb894be106af9fe7fe8',NULL,NULL,NULL,NULL,NULL,NULL,NULL,NULL,1,1,NULL,'Dear',1,NULL,'Dear',1,NULL,'',NULL,NULL,NULL,0,NULL,NULL,NULL,NULL,NULL,NULL,NULL,0,'2021-03-31 05:52:31','2021-03-31 05:52:31');
INSERT INTO `civicrm_contact` (`id`, `contact_type`, `contact_sub_type`, `do_not_email`, `do_not_phone`, `do_not_mail`, `do_not_sms`, `do_not_trade`, `is_opt_out`, `legal_identifier`, `external_identifier`, `sort_name`, `display_name`, `nick_name`, `legal_name`, `image_URL`, `preferred_communication_method`, `preferred_language`, `preferred_mail_format`, `hash`, `api_key`, `source`, `first_name`, `middle_name`, `last_name`, `prefix_id`, `suffix_id`, `formal_title`, `communication_style_id`, `email_greeting_id`, `email_greeting_custom`, `email_greeting_display`, `postal_greeting_id`, `postal_greeting_custom`, `postal_greeting_display`, `addressee_id`, `addressee_custom`, `addressee_display`, `job_title`, `gender_id`, `birth_date`, `is_deceased`, `deceased_date`, `household_name`, `primary_contact_id`, `organization_name`, `sic_code`, `user_unique_id`, `employer_id`, `is_deleted`, `created_date`, `modified_date`) VALUES (85,'Individual',NULL,0,0,0,0,0,0,NULL,NULL,'HfswNR8KPeRv7zDZnpKs60640e1e09b76_38@example.com','HfswNR8KPeRv7zDZnpKs60640e1e09b76_38@example.com',NULL,NULL,NULL,NULL,'en_US','Both','f76c6999224db7b1ce9560f4c66ee4d4',NULL,NULL,NULL,NULL,NULL,NULL,NULL,NULL,1,1,NULL,'Dear',1,NULL,'Dear',1,NULL,'',NULL,NULL,NULL,0,NULL,NULL,NULL,NULL,NULL,NULL,NULL,0,'2021-03-31 05:52:31','2021-03-31 05:52:31');
INSERT INTO `civicrm_contact` (`id`, `contact_type`, `contact_sub_type`, `do_not_email`, `do_not_phone`, `do_not_mail`, `do_not_sms`, `do_not_trade`, `is_opt_out`, `legal_identifier`, `external_identifier`, `sort_name`, `display_name`, `nick_name`, `legal_name`, `image_URL`, `preferred_communication_method`, `preferred_language`, `preferred_mail_format`, `hash`, `api_key`, `source`, `first_name`, `middle_name`, `last_name`, `prefix_id`, `suffix_id`, `formal_title`, `communication_style_id`, `email_greeting_id`, `email_greeting_custom`, `email_greeting_display`, `postal_greeting_id`, `postal_greeting_custom`, `postal_greeting_display`, `addressee_id`, `addressee_custom`, `addressee_display`, `job_title`, `gender_id`, `birth_date`, `is_deceased`, `deceased_date`, `household_name`, `primary_contact_id`, `organization_name`, `sic_code`, `user_unique_id`, `employer_id`, `is_deleted`, `created_date`, `modified_date`) VALUES (86,'Individual',NULL,0,0,0,0,0,0,NULL,NULL,'HfswNR8KPeRv7zDZnpKs60640e1e09b76_39@example.com','HfswNR8KPeRv7zDZnpKs60640e1e09b76_39@example.com',NULL,NULL,NULL,NULL,'en_US','Both','f4c6e1c24e762cbc877e961e63e82c35',NULL,NULL,NULL,NULL,NULL,NULL,NULL,NULL,1,1,NULL,'Dear',1,NULL,'Dear',1,NULL,'',NULL,NULL,NULL,0,NULL,NULL,NULL,NULL,NULL,NULL,NULL,0,'2021-03-31 05:52:31','2021-03-31 05:52:31');
INSERT INTO `civicrm_contact` (`id`, `contact_type`, `contact_sub_type`, `do_not_email`, `do_not_phone`, `do_not_mail`, `do_not_sms`, `do_not_trade`, `is_opt_out`, `legal_identifier`, `external_identifier`, `sort_name`, `display_name`, `nick_name`, `legal_name`, `image_URL`, `preferred_communication_method`, `preferred_language`, `preferred_mail_format`, `hash`, `api_key`, `source`, `first_name`, `middle_name`, `last_name`, `prefix_id`, `suffix_id`, `formal_title`, `communication_style_id`, `email_greeting_id`, `email_greeting_custom`, `email_greeting_display`, `postal_greeting_id`, `postal_greeting_custom`, `postal_greeting_display`, `addressee_id`, `addressee_custom`, `addressee_display`, `job_title`, `gender_id`, `birth_date`, `is_deceased`, `deceased_date`, `household_name`, `primary_contact_id`, `organization_name`, `sic_code`, `user_unique_id`, `employer_id`, `is_deleted`, `created_date`, `modified_date`) VALUES (87,'Individual',NULL,0,0,0,0,0,0,NULL,NULL,'HfswNR8KPeRv7zDZnpKs60640e1e09b76_40@example.com','HfswNR8KPeRv7zDZnpKs60640e1e09b76_40@example.com',NULL,NULL,NULL,NULL,'en_US','Both','6c0d05e02bdc54dd33d9f4c0fe61e247',NULL,NULL,NULL,NULL,NULL,NULL,NULL,NULL,1,1,NULL,'Dear',1,NULL,'Dear',1,NULL,'',NULL,NULL,NULL,0,NULL,NULL,NULL,NULL,NULL,NULL,NULL,0,'2021-03-31 05:52:31','2021-03-31 05:52:31');
INSERT INTO `civicrm_contact` (`id`, `contact_type`, `contact_sub_type`, `do_not_email`, `do_not_phone`, `do_not_mail`, `do_not_sms`, `do_not_trade`, `is_opt_out`, `legal_identifier`, `external_identifier`, `sort_name`, `display_name`, `nick_name`, `legal_name`, `image_URL`, `preferred_communication_method`, `preferred_language`, `preferred_mail_format`, `hash`, `api_key`, `source`, `first_name`, `middle_name`, `last_name`, `prefix_id`, `suffix_id`, `formal_title`, `communication_style_id`, `email_greeting_id`, `email_greeting_custom`, `email_greeting_display`, `postal_greeting_id`, `postal_greeting_custom`, `postal_greeting_display`, `addressee_id`, `addressee_custom`, `addressee_display`, `job_title`, `gender_id`, `birth_date`, `is_deceased`, `deceased_date`, `household_name`, `primary_contact_id`, `organization_name`, `sic_code`, `user_unique_id`, `employer_id`, `is_deleted`, `created_date`, `modified_date`) VALUES (88,'Individual',NULL,0,0,0,0,0,0,NULL,NULL,'HfswNR8KPeRv7zDZnpKs60640e1e09b76_41@example.com','HfswNR8KPeRv7zDZnpKs60640e1e09b76_41@example.com',NULL,NULL,NULL,NULL,'en_US','Both','f6ec91d9214a2c65b578998eb5dc9f8e',NULL,NULL,NULL,NULL,NULL,NULL,NULL,NULL,1,1,NULL,'Dear',1,NULL,'Dear',1,NULL,'',NULL,NULL,NULL,0,NULL,NULL,NULL,NULL,NULL,NULL,NULL,0,'2021-03-31 05:52:31','2021-03-31 05:52:31');
INSERT INTO `civicrm_contact` (`id`, `contact_type`, `contact_sub_type`, `do_not_email`, `do_not_phone`, `do_not_mail`, `do_not_sms`, `do_not_trade`, `is_opt_out`, `legal_identifier`, `external_identifier`, `sort_name`, `display_name`, `nick_name`, `legal_name`, `image_URL`, `preferred_communication_method`, `preferred_language`, `preferred_mail_format`, `hash`, `api_key`, `source`, `first_name`, `middle_name`, `last_name`, `prefix_id`, `suffix_id`, `formal_title`, `communication_style_id`, `email_greeting_id`, `email_greeting_custom`, `email_greeting_display`, `postal_greeting_id`, `postal_greeting_custom`, `postal_greeting_display`, `addressee_id`, `addressee_custom`, `addressee_display`, `job_title`, `gender_id`, `birth_date`, `is_deceased`, `deceased_date`, `household_name`, `primary_contact_id`, `organization_name`, `sic_code`, `user_unique_id`, `employer_id`, `is_deleted`, `created_date`, `modified_date`) VALUES (89,'Individual',NULL,0,0,0,0,0,0,NULL,NULL,'HfswNR8KPeRv7zDZnpKs60640e1e09b76_42@example.com','HfswNR8KPeRv7zDZnpKs60640e1e09b76_42@example.com',NULL,NULL,NULL,NULL,'en_US','Both','2bddeb32ab8d564e07a9b7b28098e98a',NULL,NULL,NULL,NULL,NULL,NULL,NULL,NULL,1,1,NULL,'Dear',1,NULL,'Dear',1,NULL,'',NULL,NULL,NULL,0,NULL,NULL,NULL,NULL,NULL,NULL,NULL,0,'2021-03-31 05:52:31','2021-03-31 05:52:31');
INSERT INTO `civicrm_contact` (`id`, `contact_type`, `contact_sub_type`, `do_not_email`, `do_not_phone`, `do_not_mail`, `do_not_sms`, `do_not_trade`, `is_opt_out`, `legal_identifier`, `external_identifier`, `sort_name`, `display_name`, `nick_name`, `legal_name`, `image_URL`, `preferred_communication_method`, `preferred_language`, `preferred_mail_format`, `hash`, `api_key`, `source`, `first_name`, `middle_name`, `last_name`, `prefix_id`, `suffix_id`, `formal_title`, `communication_style_id`, `email_greeting_id`, `email_greeting_custom`, `email_greeting_display`, `postal_greeting_id`, `postal_greeting_custom`, `postal_greeting_display`, `addressee_id`, `addressee_custom`, `addressee_display`, `job_title`, `gender_id`, `birth_date`, `is_deceased`, `deceased_date`, `household_name`, `primary_contact_id`, `organization_name`, `sic_code`, `user_unique_id`, `employer_id`, `is_deleted`, `created_date`, `modified_date`) VALUES (90,'Individual',NULL,0,0,0,0,0,0,NULL,NULL,'HfswNR8KPeRv7zDZnpKs60640e1e09b76_43@example.com','HfswNR8KPeRv7zDZnpKs60640e1e09b76_43@example.com',NULL,NULL,NULL,NULL,'en_US','Both','4457dc66bae2faa7cd8c45c97b77d71d',NULL,NULL,NULL,NULL,NULL,NULL,NULL,NULL,1,1,NULL,'Dear',1,NULL,'Dear',1,NULL,'',NULL,NULL,NULL,0,NULL,NULL,NULL,NULL,NULL,NULL,NULL,0,'2021-03-31 05:52:31','2021-03-31 05:52:31');
INSERT INTO `civicrm_contact` (`id`, `contact_type`, `contact_sub_type`, `do_not_email`, `do_not_phone`, `do_not_mail`, `do_not_sms`, `do_not_trade`, `is_opt_out`, `legal_identifier`, `external_identifier`, `sort_name`, `display_name`, `nick_name`, `legal_name`, `image_URL`, `preferred_communication_method`, `preferred_language`, `preferred_mail_format`, `hash`, `api_key`, `source`, `first_name`, `middle_name`, `last_name`, `prefix_id`, `suffix_id`, `formal_title`, `communication_style_id`, `email_greeting_id`, `email_greeting_custom`, `email_greeting_display`, `postal_greeting_id`, `postal_greeting_custom`, `postal_greeting_display`, `addressee_id`, `addressee_custom`, `addressee_display`, `job_title`, `gender_id`, `birth_date`, `is_deceased`, `deceased_date`, `household_name`, `primary_contact_id`, `organization_name`, `sic_code`, `user_unique_id`, `employer_id`, `is_deleted`, `created_date`, `modified_date`) VALUES (91,'Individual',NULL,0,0,0,0,0,0,NULL,NULL,'HfswNR8KPeRv7zDZnpKs60640e1e09b76_44@example.com','HfswNR8KPeRv7zDZnpKs60640e1e09b76_44@example.com',NULL,NULL,NULL,NULL,'en_US','Both','213181ca567aa62513ede488af6a73f5',NULL,NULL,NULL,NULL,NULL,NULL,NULL,NULL,1,1,NULL,'Dear',1,NULL,'Dear',1,NULL,'',NULL,NULL,NULL,0,NULL,NULL,NULL,NULL,NULL,NULL,NULL,0,'2021-03-31 05:52:31','2021-03-31 05:52:31');
INSERT INTO `civicrm_contact` (`id`, `contact_type`, `contact_sub_type`, `do_not_email`, `do_not_phone`, `do_not_mail`, `do_not_sms`, `do_not_trade`, `is_opt_out`, `legal_identifier`, `external_identifier`, `sort_name`, `display_name`, `nick_name`, `legal_name`, `image_URL`, `preferred_communication_method`, `preferred_language`, `preferred_mail_format`, `hash`, `api_key`, `source`, `first_name`, `middle_name`, `last_name`, `prefix_id`, `suffix_id`, `formal_title`, `communication_style_id`, `email_greeting_id`, `email_greeting_custom`, `email_greeting_display`, `postal_greeting_id`, `postal_greeting_custom`, `postal_greeting_display`, `addressee_id`, `addressee_custom`, `addressee_display`, `job_title`, `gender_id`, `birth_date`, `is_deceased`, `deceased_date`, `household_name`, `primary_contact_id`, `organization_name`, `sic_code`, `user_unique_id`, `employer_id`, `is_deleted`, `created_date`, `modified_date`) VALUES (92,'Individual',NULL,0,0,0,0,0,0,NULL,NULL,'HfswNR8KPeRv7zDZnpKs60640e1e09b76_45@example.com','HfswNR8KPeRv7zDZnpKs60640e1e09b76_45@example.com',NULL,NULL,NULL,NULL,'en_US','Both','181b95966f78e581df5d2094d26879e6',NULL,NULL,NULL,NULL,NULL,NULL,NULL,NULL,1,1,NULL,'Dear',1,NULL,'Dear',1,NULL,'',NULL,NULL,NULL,0,NULL,NULL,NULL,NULL,NULL,NULL,NULL,0,'2021-03-31 05:52:31','2021-03-31 05:52:31');
INSERT INTO `civicrm_contact` (`id`, `contact_type`, `contact_sub_type`, `do_not_email`, `do_not_phone`, `do_not_mail`, `do_not_sms`, `do_not_trade`, `is_opt_out`, `legal_identifier`, `external_identifier`, `sort_name`, `display_name`, `nick_name`, `legal_name`, `image_URL`, `preferred_communication_method`, `preferred_language`, `preferred_mail_format`, `hash`, `api_key`, `source`, `first_name`, `middle_name`, `last_name`, `prefix_id`, `suffix_id`, `formal_title`, `communication_style_id`, `email_greeting_id`, `email_greeting_custom`, `email_greeting_display`, `postal_greeting_id`, `postal_greeting_custom`, `postal_greeting_display`, `addressee_id`, `addressee_custom`, `addressee_display`, `job_title`, `gender_id`, `birth_date`, `is_deceased`, `deceased_date`, `household_name`, `primary_contact_id`, `organization_name`, `sic_code`, `user_unique_id`, `employer_id`, `is_deleted`, `created_date`, `modified_date`) VALUES (93,'Individual',NULL,0,0,0,0,0,0,NULL,NULL,'HfswNR8KPeRv7zDZnpKs60640e1e09b76_46@example.com','HfswNR8KPeRv7zDZnpKs60640e1e09b76_46@example.com',NULL,NULL,NULL,NULL,'en_US','Both','b0041ab3dd747de35171c8238d674489',NULL,NULL,NULL,NULL,NULL,NULL,NULL,NULL,1,1,NULL,'Dear',1,NULL,'Dear',1,NULL,'',NULL,NULL,NULL,0,NULL,NULL,NULL,NULL,NULL,NULL,NULL,0,'2021-03-31 05:52:31','2021-03-31 05:52:31');
INSERT INTO `civicrm_contact` (`id`, `contact_type`, `contact_sub_type`, `do_not_email`, `do_not_phone`, `do_not_mail`, `do_not_sms`, `do_not_trade`, `is_opt_out`, `legal_identifier`, `external_identifier`, `sort_name`, `display_name`, `nick_name`, `legal_name`, `image_URL`, `preferred_communication_method`, `preferred_language`, `preferred_mail_format`, `hash`, `api_key`, `source`, `first_name`, `middle_name`, `last_name`, `prefix_id`, `suffix_id`, `formal_title`, `communication_style_id`, `email_greeting_id`, `email_greeting_custom`, `email_greeting_display`, `postal_greeting_id`, `postal_greeting_custom`, `postal_greeting_display`, `addressee_id`, `addressee_custom`, `addressee_display`, `job_title`, `gender_id`, `birth_date`, `is_deceased`, `deceased_date`, `household_name`, `primary_contact_id`, `organization_name`, `sic_code`, `user_unique_id`, `employer_id`, `is_deleted`, `created_date`, `modified_date`) VALUES (94,'Individual',NULL,0,0,0,0,0,0,NULL,NULL,'HfswNR8KPeRv7zDZnpKs60640e1e09b76_47@example.com','HfswNR8KPeRv7zDZnpKs60640e1e09b76_47@example.com',NULL,NULL,NULL,NULL,'en_US','Both','afe99795cb606cf16636f6796f9e12dd',NULL,NULL,NULL,NULL,NULL,NULL,NULL,NULL,1,1,NULL,'Dear',1,NULL,'Dear',1,NULL,'',NULL,NULL,NULL,0,NULL,NULL,NULL,NULL,NULL,NULL,NULL,0,'2021-03-31 05:52:31','2021-03-31 05:52:31');
INSERT INTO `civicrm_contact` (`id`, `contact_type`, `contact_sub_type`, `do_not_email`, `do_not_phone`, `do_not_mail`, `do_not_sms`, `do_not_trade`, `is_opt_out`, `legal_identifier`, `external_identifier`, `sort_name`, `display_name`, `nick_name`, `legal_name`, `image_URL`, `preferred_communication_method`, `preferred_language`, `preferred_mail_format`, `hash`, `api_key`, `source`, `first_name`, `middle_name`, `last_name`, `prefix_id`, `suffix_id`, `formal_title`, `communication_style_id`, `email_greeting_id`, `email_greeting_custom`, `email_greeting_display`, `postal_greeting_id`, `postal_greeting_custom`, `postal_greeting_display`, `addressee_id`, `addressee_custom`, `addressee_display`, `job_title`, `gender_id`, `birth_date`, `is_deceased`, `deceased_date`, `household_name`, `primary_contact_id`, `organization_name`, `sic_code`, `user_unique_id`, `employer_id`, `is_deleted`, `created_date`, `modified_date`) VALUES (95,'Individual',NULL,0,0,0,0,0,0,NULL,NULL,'HfswNR8KPeRv7zDZnpKs60640e1e09b76_48@example.com','HfswNR8KPeRv7zDZnpKs60640e1e09b76_48@example.com',NULL,NULL,NULL,NULL,'en_US','Both','6c2b5e85aca3c487605ea7a48622004b',NULL,NULL,NULL,NULL,NULL,NULL,NULL,NULL,1,1,NULL,'Dear',1,NULL,'Dear',1,NULL,'',NULL,NULL,NULL,0,NULL,NULL,NULL,NULL,NULL,NULL,NULL,0,'2021-03-31 05:52:31','2021-03-31 05:52:31');
INSERT INTO `civicrm_contact` (`id`, `contact_type`, `contact_sub_type`, `do_not_email`, `do_not_phone`, `do_not_mail`, `do_not_sms`, `do_not_trade`, `is_opt_out`, `legal_identifier`, `external_identifier`, `sort_name`, `display_name`, `nick_name`, `legal_name`, `image_URL`, `preferred_communication_method`, `preferred_language`, `preferred_mail_format`, `hash`, `api_key`, `source`, `first_name`, `middle_name`, `last_name`, `prefix_id`, `suffix_id`, `formal_title`, `communication_style_id`, `email_greeting_id`, `email_greeting_custom`, `email_greeting_display`, `postal_greeting_id`, `postal_greeting_custom`, `postal_greeting_display`, `addressee_id`, `addressee_custom`, `addressee_display`, `job_title`, `gender_id`, `birth_date`, `is_deceased`, `deceased_date`, `household_name`, `primary_contact_id`, `organization_name`, `sic_code`, `user_unique_id`, `employer_id`, `is_deleted`, `created_date`, `modified_date`) VALUES (96,'Individual',NULL,0,0,0,0,0,0,NULL,NULL,'HfswNR8KPeRv7zDZnpKs60640e1e09b76_49@example.com','HfswNR8KPeRv7zDZnpKs60640e1e09b76_49@example.com',NULL,NULL,NULL,NULL,'en_US','Both','e2f6b190e1db5d6fdbafc1e1abe6be8a',NULL,NULL,NULL,NULL,NULL,NULL,NULL,NULL,1,1,NULL,'Dear',1,NULL,'Dear',1,NULL,'',NULL,NULL,NULL,0,NULL,NULL,NULL,NULL,NULL,NULL,NULL,0,'2021-03-31 05:52:31','2021-03-31 05:52:31');
INSERT INTO `civicrm_contact` (`id`, `contact_type`, `contact_sub_type`, `do_not_email`, `do_not_phone`, `do_not_mail`, `do_not_sms`, `do_not_trade`, `is_opt_out`, `legal_identifier`, `external_identifier`, `sort_name`, `display_name`, `nick_name`, `legal_name`, `image_URL`, `preferred_communication_method`, `preferred_language`, `preferred_mail_format`, `hash`, `api_key`, `source`, `first_name`, `middle_name`, `last_name`, `prefix_id`, `suffix_id`, `formal_title`, `communication_style_id`, `email_greeting_id`, `email_greeting_custom`, `email_greeting_display`, `postal_greeting_id`, `postal_greeting_custom`, `postal_greeting_display`, `addressee_id`, `addressee_custom`, `addressee_display`, `job_title`, `gender_id`, `birth_date`, `is_deceased`, `deceased_date`, `household_name`, `primary_contact_id`, `organization_name`, `sic_code`, `user_unique_id`, `employer_id`, `is_deleted`, `created_date`, `modified_date`) VALUES (97,'Individual',NULL,0,0,0,0,0,0,NULL,NULL,'HfswNR8KPeRv7zDZnpKs60640e1e09b76_50@example.com','HfswNR8KPeRv7zDZnpKs60640e1e09b76_50@example.com',NULL,NULL,NULL,NULL,'en_US','Both','39ceef656f063fb02cf0af956ccb5c6b',NULL,NULL,NULL,NULL,NULL,NULL,NULL,NULL,1,1,NULL,'Dear',1,NULL,'Dear',1,NULL,'',NULL,NULL,NULL,0,NULL,NULL,NULL,NULL,NULL,NULL,NULL,0,'2021-03-31 05:52:31','2021-03-31 05:52:31');
INSERT INTO `civicrm_email` (`id`, `contact_id`, `location_type_id`, `email`, `is_primary`, `is_billing`, `on_hold`, `is_bulkmail`, `hold_date`, `reset_date`, `signature_text`, `signature_html`) VALUES (48,48,1,'hfswnr8kperv7zdznpks60640e1e09b76_1@example.com',1,0,0,0,NULL,NULL,NULL,NULL);
INSERT INTO `civicrm_email` (`id`, `contact_id`, `location_type_id`, `email`, `is_primary`, `is_billing`, `on_hold`, `is_bulkmail`, `hold_date`, `reset_date`, `signature_text`, `signature_html`) VALUES (49,49,1,'hfswnr8kperv7zdznpks60640e1e09b76_2@example.com',1,0,0,0,NULL,NULL,NULL,NULL);
INSERT INTO `civicrm_email` (`id`, `contact_id`, `location_type_id`, `email`, `is_primary`, `is_billing`, `on_hold`, `is_bulkmail`, `hold_date`, `reset_date`, `signature_text`, `signature_html`) VALUES (50,50,1,'hfswnr8kperv7zdznpks60640e1e09b76_3@example.com',1,0,0,0,NULL,NULL,NULL,NULL);
INSERT INTO `civicrm_email` (`id`, `contact_id`, `location_type_id`, `email`, `is_primary`, `is_billing`, `on_hold`, `is_bulkmail`, `hold_date`, `reset_date`, `signature_text`, `signature_html`) VALUES (51,51,1,'hfswnr8kperv7zdznpks60640e1e09b76_4@example.com',1,0,0,0,NULL,NULL,NULL,NULL);
INSERT INTO `civicrm_email` (`id`, `contact_id`, `location_type_id`, `email`, `is_primary`, `is_billing`, `on_hold`, `is_bulkmail`, `hold_date`, `reset_date`, `signature_text`, `signature_html`) VALUES (52,52,1,'hfswnr8kperv7zdznpks60640e1e09b76_5@example.com',1,0,0,0,NULL,NULL,NULL,NULL);
INSERT INTO `civicrm_email` (`id`, `contact_id`, `location_type_id`, `email`, `is_primary`, `is_billing`, `on_hold`, `is_bulkmail`, `hold_date`, `reset_date`, `signature_text`, `signature_html`) VALUES (53,53,1,'hfswnr8kperv7zdznpks60640e1e09b76_6@example.com',1,0,0,0,NULL,NULL,NULL,NULL);
INSERT INTO `civicrm_email` (`id`, `contact_id`, `location_type_id`, `email`, `is_primary`, `is_billing`, `on_hold`, `is_bulkmail`, `hold_date`, `reset_date`, `signature_text`, `signature_html`) VALUES (54,54,1,'hfswnr8kperv7zdznpks60640e1e09b76_7@example.com',1,0,0,0,NULL,NULL,NULL,NULL);
INSERT INTO `civicrm_email` (`id`, `contact_id`, `location_type_id`, `email`, `is_primary`, `is_billing`, `on_hold`, `is_bulkmail`, `hold_date`, `reset_date`, `signature_text`, `signature_html`) VALUES (55,55,1,'hfswnr8kperv7zdznpks60640e1e09b76_8@example.com',1,0,0,0,NULL,NULL,NULL,NULL);
INSERT INTO `civicrm_email` (`id`, `contact_id`, `location_type_id`, `email`, `is_primary`, `is_billing`, `on_hold`, `is_bulkmail`, `hold_date`, `reset_date`, `signature_text`, `signature_html`) VALUES (56,56,1,'hfswnr8kperv7zdznpks60640e1e09b76_9@example.com',1,0,0,0,NULL,NULL,NULL,NULL);
INSERT INTO `civicrm_email` (`id`, `contact_id`, `location_type_id`, `email`, `is_primary`, `is_billing`, `on_hold`, `is_bulkmail`, `hold_date`, `reset_date`, `signature_text`, `signature_html`) VALUES (57,57,1,'hfswnr8kperv7zdznpks60640e1e09b76_10@example.com',1,0,0,0,NULL,NULL,NULL,NULL);
INSERT INTO `civicrm_email` (`id`, `contact_id`, `location_type_id`, `email`, `is_primary`, `is_billing`, `on_hold`, `is_bulkmail`, `hold_date`, `reset_date`, `signature_text`, `signature_html`) VALUES (58,58,1,'hfswnr8kperv7zdznpks60640e1e09b76_11@example.com',1,0,0,0,NULL,NULL,NULL,NULL);
INSERT INTO `civicrm_email` (`id`, `contact_id`, `location_type_id`, `email`, `is_primary`, `is_billing`, `on_hold`, `is_bulkmail`, `hold_date`, `reset_date`, `signature_text`, `signature_html`) VALUES (59,59,1,'hfswnr8kperv7zdznpks60640e1e09b76_12@example.com',1,0,0,0,NULL,NULL,NULL,NULL);
INSERT INTO `civicrm_email` (`id`, `contact_id`, `location_type_id`, `email`, `is_primary`, `is_billing`, `on_hold`, `is_bulkmail`, `hold_date`, `reset_date`, `signature_text`, `signature_html`) VALUES (60,60,1,'hfswnr8kperv7zdznpks60640e1e09b76_13@example.com',1,0,0,0,NULL,NULL,NULL,NULL);
INSERT INTO `civicrm_email` (`id`, `contact_id`, `location_type_id`, `email`, `is_primary`, `is_billing`, `on_hold`, `is_bulkmail`, `hold_date`, `reset_date`, `signature_text`, `signature_html`) VALUES (61,61,1,'hfswnr8kperv7zdznpks60640e1e09b76_14@example.com',1,0,0,0,NULL,NULL,NULL,NULL);
INSERT INTO `civicrm_email` (`id`, `contact_id`, `location_type_id`, `email`, `is_primary`, `is_billing`, `on_hold`, `is_bulkmail`, `hold_date`, `reset_date`, `signature_text`, `signature_html`) VALUES (62,62,1,'hfswnr8kperv7zdznpks60640e1e09b76_15@example.com',1,0,0,0,NULL,NULL,NULL,NULL);
INSERT INTO `civicrm_email` (`id`, `contact_id`, `location_type_id`, `email`, `is_primary`, `is_billing`, `on_hold`, `is_bulkmail`, `hold_date`, `reset_date`, `signature_text`, `signature_html`) VALUES (63,63,1,'hfswnr8kperv7zdznpks60640e1e09b76_16@example.com',1,0,0,0,NULL,NULL,NULL,NULL);
INSERT INTO `civicrm_email` (`id`, `contact_id`, `location_type_id`, `email`, `is_primary`, `is_billing`, `on_hold`, `is_bulkmail`, `hold_date`, `reset_date`, `signature_text`, `signature_html`) VALUES (64,64,1,'hfswnr8kperv7zdznpks60640e1e09b76_17@example.com',1,0,0,0,NULL,NULL,NULL,NULL);
INSERT INTO `civicrm_email` (`id`, `contact_id`, `location_type_id`, `email`, `is_primary`, `is_billing`, `on_hold`, `is_bulkmail`, `hold_date`, `reset_date`, `signature_text`, `signature_html`) VALUES (65,65,1,'hfswnr8kperv7zdznpks60640e1e09b76_18@example.com',1,0,0,0,NULL,NULL,NULL,NULL);
INSERT INTO `civicrm_email` (`id`, `contact_id`, `location_type_id`, `email`, `is_primary`, `is_billing`, `on_hold`, `is_bulkmail`, `hold_date`, `reset_date`, `signature_text`, `signature_html`) VALUES (66,66,1,'hfswnr8kperv7zdznpks60640e1e09b76_19@example.com',1,0,0,0,NULL,NULL,NULL,NULL);
INSERT INTO `civicrm_email` (`id`, `contact_id`, `location_type_id`, `email`, `is_primary`, `is_billing`, `on_hold`, `is_bulkmail`, `hold_date`, `reset_date`, `signature_text`, `signature_html`) VALUES (67,67,1,'hfswnr8kperv7zdznpks60640e1e09b76_20@example.com',1,0,0,0,NULL,NULL,NULL,NULL);
INSERT INTO `civicrm_email` (`id`, `contact_id`, `location_type_id`, `email`, `is_primary`, `is_billing`, `on_hold`, `is_bulkmail`, `hold_date`, `reset_date`, `signature_text`, `signature_html`) VALUES (68,68,1,'hfswnr8kperv7zdznpks60640e1e09b76_21@example.com',1,0,0,0,NULL,NULL,NULL,NULL);
INSERT INTO `civicrm_email` (`id`, `contact_id`, `location_type_id`, `email`, `is_primary`, `is_billing`, `on_hold`, `is_bulkmail`, `hold_date`, `reset_date`, `signature_text`, `signature_html`) VALUES (69,69,1,'hfswnr8kperv7zdznpks60640e1e09b76_22@example.com',1,0,0,0,NULL,NULL,NULL,NULL);
INSERT INTO `civicrm_email` (`id`, `contact_id`, `location_type_id`, `email`, `is_primary`, `is_billing`, `on_hold`, `is_bulkmail`, `hold_date`, `reset_date`, `signature_text`, `signature_html`) VALUES (70,70,1,'hfswnr8kperv7zdznpks60640e1e09b76_23@example.com',1,0,0,0,NULL,NULL,NULL,NULL);
INSERT INTO `civicrm_email` (`id`, `contact_id`, `location_type_id`, `email`, `is_primary`, `is_billing`, `on_hold`, `is_bulkmail`, `hold_date`, `reset_date`, `signature_text`, `signature_html`) VALUES (71,71,1,'hfswnr8kperv7zdznpks60640e1e09b76_24@example.com',1,0,0,0,NULL,NULL,NULL,NULL);
INSERT INTO `civicrm_email` (`id`, `contact_id`, `location_type_id`, `email`, `is_primary`, `is_billing`, `on_hold`, `is_bulkmail`, `hold_date`, `reset_date`, `signature_text`, `signature_html`) VALUES (72,72,1,'hfswnr8kperv7zdznpks60640e1e09b76_25@example.com',1,0,0,0,NULL,NULL,NULL,NULL);
INSERT INTO `civicrm_email` (`id`, `contact_id`, `location_type_id`, `email`, `is_primary`, `is_billing`, `on_hold`, `is_bulkmail`, `hold_date`, `reset_date`, `signature_text`, `signature_html`) VALUES (73,73,1,'hfswnr8kperv7zdznpks60640e1e09b76_26@example.com',1,0,0,0,NULL,NULL,NULL,NULL);
INSERT INTO `civicrm_email` (`id`, `contact_id`, `location_type_id`, `email`, `is_primary`, `is_billing`, `on_hold`, `is_bulkmail`, `hold_date`, `reset_date`, `signature_text`, `signature_html`) VALUES (74,74,1,'hfswnr8kperv7zdznpks60640e1e09b76_27@example.com',1,0,0,0,NULL,NULL,NULL,NULL);
INSERT INTO `civicrm_email` (`id`, `contact_id`, `location_type_id`, `email`, `is_primary`, `is_billing`, `on_hold`, `is_bulkmail`, `hold_date`, `reset_date`, `signature_text`, `signature_html`) VALUES (75,75,1,'hfswnr8kperv7zdznpks60640e1e09b76_28@example.com',1,0,0,0,NULL,NULL,NULL,NULL);
INSERT INTO `civicrm_email` (`id`, `contact_id`, `location_type_id`, `email`, `is_primary`, `is_billing`, `on_hold`, `is_bulkmail`, `hold_date`, `reset_date`, `signature_text`, `signature_html`) VALUES (76,76,1,'hfswnr8kperv7zdznpks60640e1e09b76_29@example.com',1,0,0,0,NULL,NULL,NULL,NULL);
INSERT INTO `civicrm_email` (`id`, `contact_id`, `location_type_id`, `email`, `is_primary`, `is_billing`, `on_hold`, `is_bulkmail`, `hold_date`, `reset_date`, `signature_text`, `signature_html`) VALUES (77,77,1,'hfswnr8kperv7zdznpks60640e1e09b76_30@example.com',1,0,0,0,NULL,NULL,NULL,NULL);
INSERT INTO `civicrm_email` (`id`, `contact_id`, `location_type_id`, `email`, `is_primary`, `is_billing`, `on_hold`, `is_bulkmail`, `hold_date`, `reset_date`, `signature_text`, `signature_html`) VALUES (78,78,1,'hfswnr8kperv7zdznpks60640e1e09b76_31@example.com',1,0,0,0,NULL,NULL,NULL,NULL);
INSERT INTO `civicrm_email` (`id`, `contact_id`, `location_type_id`, `email`, `is_primary`, `is_billing`, `on_hold`, `is_bulkmail`, `hold_date`, `reset_date`, `signature_text`, `signature_html`) VALUES (79,79,1,'hfswnr8kperv7zdznpks60640e1e09b76_32@example.com',1,0,0,0,NULL,NULL,NULL,NULL);
INSERT INTO `civicrm_email` (`id`, `contact_id`, `location_type_id`, `email`, `is_primary`, `is_billing`, `on_hold`, `is_bulkmail`, `hold_date`, `reset_date`, `signature_text`, `signature_html`) VALUES (80,80,1,'hfswnr8kperv7zdznpks60640e1e09b76_33@example.com',1,0,0,0,NULL,NULL,NULL,NULL);
INSERT INTO `civicrm_email` (`id`, `contact_id`, `location_type_id`, `email`, `is_primary`, `is_billing`, `on_hold`, `is_bulkmail`, `hold_date`, `reset_date`, `signature_text`, `signature_html`) VALUES (81,81,1,'hfswnr8kperv7zdznpks60640e1e09b76_34@example.com',1,0,0,0,NULL,NULL,NULL,NULL);
INSERT INTO `civicrm_email` (`id`, `contact_id`, `location_type_id`, `email`, `is_primary`, `is_billing`, `on_hold`, `is_bulkmail`, `hold_date`, `reset_date`, `signature_text`, `signature_html`) VALUES (82,82,1,'hfswnr8kperv7zdznpks60640e1e09b76_35@example.com',1,0,0,0,NULL,NULL,NULL,NULL);
INSERT INTO `civicrm_email` (`id`, `contact_id`, `location_type_id`, `email`, `is_primary`, `is_billing`, `on_hold`, `is_bulkmail`, `hold_date`, `reset_date`, `signature_text`, `signature_html`) VALUES (83,83,1,'hfswnr8kperv7zdznpks60640e1e09b76_36@example.com',1,0,0,0,NULL,NULL,NULL,NULL);
INSERT INTO `civicrm_email` (`id`, `contact_id`, `location_type_id`, `email`, `is_primary`, `is_billing`, `on_hold`, `is_bulkmail`, `hold_date`, `reset_date`, `signature_text`, `signature_html`) VALUES (84,84,1,'hfswnr8kperv7zdznpks60640e1e09b76_37@example.com',1,0,0,0,NULL,NULL,NULL,NULL);
INSERT INTO `civicrm_email` (`id`, `contact_id`, `location_type_id`, `email`, `is_primary`, `is_billing`, `on_hold`, `is_bulkmail`, `hold_date`, `reset_date`, `signature_text`, `signature_html`) VALUES (85,85,1,'hfswnr8kperv7zdznpks60640e1e09b76_38@example.com',1,0,0,0,NULL,NULL,NULL,NULL);
INSERT INTO `civicrm_email` (`id`, `contact_id`, `location_type_id`, `email`, `is_primary`, `is_billing`, `on_hold`, `is_bulkmail`, `hold_date`, `reset_date`, `signature_text`, `signature_html`) VALUES (86,86,1,'hfswnr8kperv7zdznpks60640e1e09b76_39@example.com',1,0,0,0,NULL,NULL,NULL,NULL);
INSERT INTO `civicrm_email` (`id`, `contact_id`, `location_type_id`, `email`, `is_primary`, `is_billing`, `on_hold`, `is_bulkmail`, `hold_date`, `reset_date`, `signature_text`, `signature_html`) VALUES (87,87,1,'hfswnr8kperv7zdznpks60640e1e09b76_40@example.com',1,0,0,0,NULL,NULL,NULL,NULL);
INSERT INTO `civicrm_email` (`id`, `contact_id`, `location_type_id`, `email`, `is_primary`, `is_billing`, `on_hold`, `is_bulkmail`, `hold_date`, `reset_date`, `signature_text`, `signature_html`) VALUES (88,88,1,'hfswnr8kperv7zdznpks60640e1e09b76_41@example.com',1,0,0,0,NULL,NULL,NULL,NULL);
INSERT INTO `civicrm_email` (`id`, `contact_id`, `location_type_id`, `email`, `is_primary`, `is_billing`, `on_hold`, `is_bulkmail`, `hold_date`, `reset_date`, `signature_text`, `signature_html`) VALUES (89,89,1,'hfswnr8kperv7zdznpks60640e1e09b76_42@example.com',1,0,0,0,NULL,NULL,NULL,NULL);
INSERT INTO `civicrm_email` (`id`, `contact_id`, `location_type_id`, `email`, `is_primary`, `is_billing`, `on_hold`, `is_bulkmail`, `hold_date`, `reset_date`, `signature_text`, `signature_html`) VALUES (90,90,1,'hfswnr8kperv7zdznpks60640e1e09b76_43@example.com',1,0,0,0,NULL,NULL,NULL,NULL);
INSERT INTO `civicrm_email` (`id`, `contact_id`, `location_type_id`, `email`, `is_primary`, `is_billing`, `on_hold`, `is_bulkmail`, `hold_date`, `reset_date`, `signature_text`, `signature_html`) VALUES (91,91,1,'hfswnr8kperv7zdznpks60640e1e09b76_44@example.com',1,0,0,0,NULL,NULL,NULL,NULL);
INSERT INTO `civicrm_email` (`id`, `contact_id`, `location_type_id`, `email`, `is_primary`, `is_billing`, `on_hold`, `is_bulkmail`, `hold_date`, `reset_date`, `signature_text`, `signature_html`) VALUES (92,92,1,'hfswnr8kperv7zdznpks60640e1e09b76_45@example.com',1,0,0,0,NULL,NULL,NULL,NULL);
INSERT INTO `civicrm_email` (`id`, `contact_id`, `location_type_id`, `email`, `is_primary`, `is_billing`, `on_hold`, `is_bulkmail`, `hold_date`, `reset_date`, `signature_text`, `signature_html`) VALUES (93,93,1,'hfswnr8kperv7zdznpks60640e1e09b76_46@example.com',1,0,0,0,NULL,NULL,NULL,NULL);
INSERT INTO `civicrm_email` (`id`, `contact_id`, `location_type_id`, `email`, `is_primary`, `is_billing`, `on_hold`, `is_bulkmail`, `hold_date`, `reset_date`, `signature_text`, `signature_html`) VALUES (94,94,1,'hfswnr8kperv7zdznpks60640e1e09b76_47@example.com',1,0,0,0,NULL,NULL,NULL,NULL);
INSERT INTO `civicrm_email` (`id`, `contact_id`, `location_type_id`, `email`, `is_primary`, `is_billing`, `on_hold`, `is_bulkmail`, `hold_date`, `reset_date`, `signature_text`, `signature_html`) VALUES (95,95,1,'hfswnr8kperv7zdznpks60640e1e09b76_48@example.com',1,0,0,0,NULL,NULL,NULL,NULL);
INSERT INTO `civicrm_email` (`id`, `contact_id`, `location_type_id`, `email`, `is_primary`, `is_billing`, `on_hold`, `is_bulkmail`, `hold_date`, `reset_date`, `signature_text`, `signature_html`) VALUES (96,96,1,'hfswnr8kperv7zdznpks60640e1e09b76_49@example.com',1,0,0,0,NULL,NULL,NULL,NULL);
INSERT INTO `civicrm_email` (`id`, `contact_id`, `location_type_id`, `email`, `is_primary`, `is_billing`, `on_hold`, `is_bulkmail`, `hold_date`, `reset_date`, `signature_text`, `signature_html`) VALUES (97,97,1,'hfswnr8kperv7zdznpks60640e1e09b76_50@example.com',1,0,0,0,NULL,NULL,NULL,NULL);
INSERT INTO `civicrm_group` (`id`, `name`, `title`, `description`, `source`, `saved_search_id`, `is_active`, `visibility`, `where_clause`, `select_tables`, `where_tables`, `group_type`, `cache_date`, `refresh_date`, `parents`, `children`, `is_hidden`, `is_reserved`, `created_id`, `modified_id`, `frontend_title`, `frontend_description`) VALUES (10,'TestGroup60640e1dde141','TestGroup60640e1dde141',NULL,NULL,NULL,1,'User and User Admin Only',NULL,NULL,NULL,'2',NULL,NULL,NULL,NULL,0,0,NULL,NULL,NULL,NULL);
INSERT INTO `civicrm_group_contact` (`id`, `group_id`, `contact_id`, `status`, `location_id`, `email_id`) VALUES (46,10,48,'Added',NULL,NULL);
INSERT INTO `civicrm_group_contact` (`id`, `group_id`, `contact_id`, `status`, `location_id`, `email_id`) VALUES (47,10,49,'Added',NULL,NULL);
INSERT INTO `civicrm_group_contact` (`id`, `group_id`, `contact_id`, `status`, `location_id`, `email_id`) VALUES (48,10,50,'Added',NULL,NULL);
INSERT INTO `civicrm_group_contact` (`id`, `group_id`, `contact_id`, `status`, `location_id`, `email_id`) VALUES (49,10,51,'Added',NULL,NULL);
INSERT INTO `civicrm_group_contact` (`id`, `group_id`, `contact_id`, `status`, `location_id`, `email_id`) VALUES (50,10,52,'Added',NULL,NULL);
INSERT INTO `civicrm_group_contact` (`id`, `group_id`, `contact_id`, `status`, `location_id`, `email_id`) VALUES (51,10,53,'Added',NULL,NULL);
INSERT INTO `civicrm_group_contact` (`id`, `group_id`, `contact_id`, `status`, `location_id`, `email_id`) VALUES (52,10,54,'Added',NULL,NULL);
INSERT INTO `civicrm_group_contact` (`id`, `group_id`, `contact_id`, `status`, `location_id`, `email_id`) VALUES (53,10,55,'Added',NULL,NULL);
INSERT INTO `civicrm_group_contact` (`id`, `group_id`, `contact_id`, `status`, `location_id`, `email_id`) VALUES (54,10,56,'Added',NULL,NULL);
INSERT INTO `civicrm_group_contact` (`id`, `group_id`, `contact_id`, `status`, `location_id`, `email_id`) VALUES (55,10,57,'Added',NULL,NULL);
INSERT INTO `civicrm_group_contact` (`id`, `group_id`, `contact_id`, `status`, `location_id`, `email_id`) VALUES (56,10,58,'Added',NULL,NULL);
INSERT INTO `civicrm_group_contact` (`id`, `group_id`, `contact_id`, `status`, `location_id`, `email_id`) VALUES (57,10,59,'Added',NULL,NULL);
INSERT INTO `civicrm_group_contact` (`id`, `group_id`, `contact_id`, `status`, `location_id`, `email_id`) VALUES (58,10,60,'Added',NULL,NULL);
INSERT INTO `civicrm_group_contact` (`id`, `group_id`, `contact_id`, `status`, `location_id`, `email_id`) VALUES (59,10,61,'Added',NULL,NULL);
INSERT INTO `civicrm_group_contact` (`id`, `group_id`, `contact_id`, `status`, `location_id`, `email_id`) VALUES (60,10,62,'Added',NULL,NULL);
INSERT INTO `civicrm_group_contact` (`id`, `group_id`, `contact_id`, `status`, `location_id`, `email_id`) VALUES (61,10,63,'Added',NULL,NULL);
INSERT INTO `civicrm_group_contact` (`id`, `group_id`, `contact_id`, `status`, `location_id`, `email_id`) VALUES (62,10,64,'Added',NULL,NULL);
INSERT INTO `civicrm_group_contact` (`id`, `group_id`, `contact_id`, `status`, `location_id`, `email_id`) VALUES (63,10,65,'Added',NULL,NULL);
INSERT INTO `civicrm_group_contact` (`id`, `group_id`, `contact_id`, `status`, `location_id`, `email_id`) VALUES (64,10,66,'Added',NULL,NULL);
INSERT INTO `civicrm_group_contact` (`id`, `group_id`, `contact_id`, `status`, `location_id`, `email_id`) VALUES (65,10,67,'Added',NULL,NULL);
INSERT INTO `civicrm_group_contact` (`id`, `group_id`, `contact_id`, `status`, `location_id`, `email_id`) VALUES (66,10,68,'Added',NULL,NULL);
INSERT INTO `civicrm_group_contact` (`id`, `group_id`, `contact_id`, `status`, `location_id`, `email_id`) VALUES (67,10,69,'Added',NULL,NULL);
INSERT INTO `civicrm_group_contact` (`id`, `group_id`, `contact_id`, `status`, `location_id`, `email_id`) VALUES (68,10,70,'Added',NULL,NULL);
INSERT INTO `civicrm_group_contact` (`id`, `group_id`, `contact_id`, `status`, `location_id`, `email_id`) VALUES (69,10,71,'Added',NULL,NULL);
INSERT INTO `civicrm_group_contact` (`id`, `group_id`, `contact_id`, `status`, `location_id`, `email_id`) VALUES (70,10,72,'Added',NULL,NULL);
INSERT INTO `civicrm_group_contact` (`id`, `group_id`, `contact_id`, `status`, `location_id`, `email_id`) VALUES (71,10,73,'Added',NULL,NULL);
INSERT INTO `civicrm_group_contact` (`id`, `group_id`, `contact_id`, `status`, `location_id`, `email_id`) VALUES (72,10,74,'Added',NULL,NULL);
INSERT INTO `civicrm_group_contact` (`id`, `group_id`, `contact_id`, `status`, `location_id`, `email_id`) VALUES (73,10,75,'Added',NULL,NULL);
INSERT INTO `civicrm_group_contact` (`id`, `group_id`, `contact_id`, `status`, `location_id`, `email_id`) VALUES (74,10,76,'Added',NULL,NULL);
INSERT INTO `civicrm_group_contact` (`id`, `group_id`, `contact_id`, `status`, `location_id`, `email_id`) VALUES (75,10,77,'Added',NULL,NULL);
INSERT INTO `civicrm_group_contact` (`id`, `group_id`, `contact_id`, `status`, `location_id`, `email_id`) VALUES (76,10,78,'Added',NULL,NULL);
INSERT INTO `civicrm_group_contact` (`id`, `group_id`, `contact_id`, `status`, `location_id`, `email_id`) VALUES (77,10,79,'Added',NULL,NULL);
INSERT INTO `civicrm_group_contact` (`id`, `group_id`, `contact_id`, `status`, `location_id`, `email_id`) VALUES (78,10,80,'Added',NULL,NULL);
INSERT INTO `civicrm_group_contact` (`id`, `group_id`, `contact_id`, `status`, `location_id`, `email_id`) VALUES (79,10,81,'Added',NULL,NULL);
INSERT INTO `civicrm_group_contact` (`id`, `group_id`, `contact_id`, `status`, `location_id`, `email_id`) VALUES (80,10,82,'Added',NULL,NULL);
INSERT INTO `civicrm_group_contact` (`id`, `group_id`, `contact_id`, `status`, `location_id`, `email_id`) VALUES (81,10,83,'Added',NULL,NULL);
INSERT INTO `civicrm_group_contact` (`id`, `group_id`, `contact_id`, `status`, `location_id`, `email_id`) VALUES (82,10,84,'Added',NULL,NULL);
INSERT INTO `civicrm_group_contact` (`id`, `group_id`, `contact_id`, `status`, `location_id`, `email_id`) VALUES (83,10,85,'Added',NULL,NULL);
INSERT INTO `civicrm_group_contact` (`id`, `group_id`, `contact_id`, `status`, `location_id`, `email_id`) VALUES (84,10,86,'Added',NULL,NULL);
INSERT INTO `civicrm_group_contact` (`id`, `group_id`, `contact_id`, `status`, `location_id`, `email_id`) VALUES (85,10,87,'Added',NULL,NULL);
INSERT INTO `civicrm_group_contact` (`id`, `group_id`, `contact_id`, `status`, `location_id`, `email_id`) VALUES (86,10,88,'Added',NULL,NULL);
INSERT INTO `civicrm_group_contact` (`id`, `group_id`, `contact_id`, `status`, `location_id`, `email_id`) VALUES (87,10,89,'Added',NULL,NULL);
INSERT INTO `civicrm_group_contact` (`id`, `group_id`, `contact_id`, `status`, `location_id`, `email_id`) VALUES (88,10,90,'Added',NULL,NULL);
INSERT INTO `civicrm_group_contact` (`id`, `group_id`, `contact_id`, `status`, `location_id`, `email_id`) VALUES (89,10,91,'Added',NULL,NULL);
INSERT INTO `civicrm_group_contact` (`id`, `group_id`, `contact_id`, `status`, `location_id`, `email_id`) VALUES (90,10,92,'Added',NULL,NULL);
INSERT INTO `civicrm_group_contact` (`id`, `group_id`, `contact_id`, `status`, `location_id`, `email_id`) VALUES (91,10,93,'Added',NULL,NULL);
INSERT INTO `civicrm_group_contact` (`id`, `group_id`, `contact_id`, `status`, `location_id`, `email_id`) VALUES (92,10,94,'Added',NULL,NULL);
INSERT INTO `civicrm_group_contact` (`id`, `group_id`, `contact_id`, `status`, `location_id`, `email_id`) VALUES (93,10,95,'Added',NULL,NULL);
INSERT INTO `civicrm_group_contact` (`id`, `group_id`, `contact_id`, `status`, `location_id`, `email_id`) VALUES (94,10,96,'Added',NULL,NULL);
INSERT INTO `civicrm_group_contact` (`id`, `group_id`, `contact_id`, `status`, `location_id`, `email_id`) VALUES (95,10,97,'Added',NULL,NULL);
INSERT INTO `civicrm_mailing` (`id`, `domain_id`, `header_id`, `footer_id`, `reply_id`, `unsubscribe_id`, `resubscribe_id`, `optout_id`, `name`, `mailing_type`, `from_name`, `from_email`, `replyto_email`, `template_type`, `template_options`, `subject`, `body_text`, `body_html`, `url_tracking`, `forward_replies`, `auto_responder`, `open_tracking`, `is_completed`, `msg_template_id`, `override_verp`, `created_id`, `created_date`, `modified_date`, `scheduled_id`, `scheduled_date`, `approver_id`, `approval_date`, `approval_status_id`, `approval_note`, `is_archived`, `visibility`, `campaign_id`, `dedupe_email`, `sms_provider_id`, `hash`, `location_type_id`, `email_selection_method`, `language`) VALUES (4,1,1,2,8,5,6,7,'test 1','standalone','FIXME','info@EXAMPLE.ORG','\"FIXME\" <info@EXAMPLE.ORG>','traditional','{\"nonce\":\"1\"}','test 1',NULL,'<p>fda</p>',1,0,0,1,NULL,NULL,1,2,'2021-03-31 05:52:41','2021-03-31 05:52:58',2,'2021-03-31 05:52:58',2,'2021-03-31 05:52:58',1,NULL,0,'Public Pages',NULL,1,NULL,'437b0bcf365d2086',NULL,'automatic',NULL);
INSERT INTO `civicrm_mailing_group` (`id`, `mailing_id`, `group_type`, `entity_table`, `entity_id`, `search_id`, `search_args`) VALUES (11,4,'Include','civicrm_group',10,NULL,NULL);
INSERT INTO `civicrm_mailing_job` (`id`, `mailing_id`, `scheduled_date`, `start_date`, `end_date`, `status`, `is_test`, `job_type`, `parent_id`, `job_offset`, `job_limit`) VALUES (3,4,'2021-03-30 05:52:58',NULL,NULL,'Scheduled',0,NULL,NULL,0,0);
INSERT INTO `civicrm_mailing_recipients` (`id`, `mailing_id`, `contact_id`, `email_id`, `phone_id`) VALUES (176,4,48,48,NULL);
INSERT INTO `civicrm_mailing_recipients` (`id`, `mailing_id`, `contact_id`, `email_id`, `phone_id`) VALUES (177,4,49,49,NULL);
INSERT INTO `civicrm_mailing_recipients` (`id`, `mailing_id`, `contact_id`, `email_id`, `phone_id`) VALUES (178,4,50,50,NULL);
INSERT INTO `civicrm_mailing_recipients` (`id`, `mailing_id`, `contact_id`, `email_id`, `phone_id`) VALUES (179,4,51,51,NULL);
INSERT INTO `civicrm_mailing_recipients` (`id`, `mailing_id`, `contact_id`, `email_id`, `phone_id`) VALUES (180,4,52,52,NULL);
INSERT INTO `civicrm_mailing_recipients` (`id`, `mailing_id`, `contact_id`, `email_id`, `phone_id`) VALUES (181,4,53,53,NULL);
INSERT INTO `civicrm_mailing_recipients` (`id`, `mailing_id`, `contact_id`, `email_id`, `phone_id`) VALUES (182,4,54,54,NULL);
INSERT INTO `civicrm_mailing_recipients` (`id`, `mailing_id`, `contact_id`, `email_id`, `phone_id`) VALUES (183,4,55,55,NULL);
INSERT INTO `civicrm_mailing_recipients` (`id`, `mailing_id`, `contact_id`, `email_id`, `phone_id`) VALUES (184,4,56,56,NULL);
INSERT INTO `civicrm_mailing_recipients` (`id`, `mailing_id`, `contact_id`, `email_id`, `phone_id`) VALUES (185,4,57,57,NULL);
INSERT INTO `civicrm_mailing_recipients` (`id`, `mailing_id`, `contact_id`, `email_id`, `phone_id`) VALUES (186,4,58,58,NULL);
INSERT INTO `civicrm_mailing_recipients` (`id`, `mailing_id`, `contact_id`, `email_id`, `phone_id`) VALUES (187,4,59,59,NULL);
INSERT INTO `civicrm_mailing_recipients` (`id`, `mailing_id`, `contact_id`, `email_id`, `phone_id`) VALUES (188,4,60,60,NULL);
INSERT INTO `civicrm_mailing_recipients` (`id`, `mailing_id`, `contact_id`, `email_id`, `phone_id`) VALUES (189,4,61,61,NULL);
INSERT INTO `civicrm_mailing_recipients` (`id`, `mailing_id`, `contact_id`, `email_id`, `phone_id`) VALUES (190,4,62,62,NULL);
INSERT INTO `civicrm_mailing_recipients` (`id`, `mailing_id`, `contact_id`, `email_id`, `phone_id`) VALUES (191,4,63,63,NULL);
INSERT INTO `civicrm_mailing_recipients` (`id`, `mailing_id`, `contact_id`, `email_id`, `phone_id`) VALUES (192,4,64,64,NULL);
INSERT INTO `civicrm_mailing_recipients` (`id`, `mailing_id`, `contact_id`, `email_id`, `phone_id`) VALUES (193,4,65,65,NULL);
INSERT INTO `civicrm_mailing_recipients` (`id`, `mailing_id`, `contact_id`, `email_id`, `phone_id`) VALUES (194,4,66,66,NULL);
INSERT INTO `civicrm_mailing_recipients` (`id`, `mailing_id`, `contact_id`, `email_id`, `phone_id`) VALUES (195,4,67,67,NULL);
INSERT INTO `civicrm_mailing_recipients` (`id`, `mailing_id`, `contact_id`, `email_id`, `phone_id`) VALUES (196,4,68,68,NULL);
INSERT INTO `civicrm_mailing_recipients` (`id`, `mailing_id`, `contact_id`, `email_id`, `phone_id`) VALUES (197,4,69,69,NULL);
INSERT INTO `civicrm_mailing_recipients` (`id`, `mailing_id`, `contact_id`, `email_id`, `phone_id`) VALUES (198,4,70,70,NULL);
INSERT INTO `civicrm_mailing_recipients` (`id`, `mailing_id`, `contact_id`, `email_id`, `phone_id`) VALUES (199,4,71,71,NULL);
INSERT INTO `civicrm_mailing_recipients` (`id`, `mailing_id`, `contact_id`, `email_id`, `phone_id`) VALUES (200,4,72,72,NULL);
INSERT INTO `civicrm_mailing_recipients` (`id`, `mailing_id`, `contact_id`, `email_id`, `phone_id`) VALUES (201,4,73,73,NULL);
INSERT INTO `civicrm_mailing_recipients` (`id`, `mailing_id`, `contact_id`, `email_id`, `phone_id`) VALUES (202,4,74,74,NULL);
INSERT INTO `civicrm_mailing_recipients` (`id`, `mailing_id`, `contact_id`, `email_id`, `phone_id`) VALUES (203,4,75,75,NULL);
INSERT INTO `civicrm_mailing_recipients` (`id`, `mailing_id`, `contact_id`, `email_id`, `phone_id`) VALUES (204,4,76,76,NULL);
INSERT INTO `civicrm_mailing_recipients` (`id`, `mailing_id`, `contact_id`, `email_id`, `phone_id`) VALUES (205,4,77,77,NULL);
INSERT INTO `civicrm_mailing_recipients` (`id`, `mailing_id`, `contact_id`, `email_id`, `phone_id`) VALUES (206,4,78,78,NULL);
INSERT INTO `civicrm_mailing_recipients` (`id`, `mailing_id`, `contact_id`, `email_id`, `phone_id`) VALUES (207,4,79,79,NULL);
INSERT INTO `civicrm_mailing_recipients` (`id`, `mailing_id`, `contact_id`, `email_id`, `phone_id`) VALUES (208,4,80,80,NULL);
INSERT INTO `civicrm_mailing_recipients` (`id`, `mailing_id`, `contact_id`, `email_id`, `phone_id`) VALUES (209,4,81,81,NULL);
INSERT INTO `civicrm_mailing_recipients` (`id`, `mailing_id`, `contact_id`, `email_id`, `phone_id`) VALUES (210,4,82,82,NULL);
INSERT INTO `civicrm_mailing_recipients` (`id`, `mailing_id`, `contact_id`, `email_id`, `phone_id`) VALUES (211,4,83,83,NULL);
INSERT INTO `civicrm_mailing_recipients` (`id`, `mailing_id`, `contact_id`, `email_id`, `phone_id`) VALUES (212,4,84,84,NULL);
INSERT INTO `civicrm_mailing_recipients` (`id`, `mailing_id`, `contact_id`, `email_id`, `phone_id`) VALUES (213,4,85,85,NULL);
INSERT INTO `civicrm_mailing_recipients` (`id`, `mailing_id`, `contact_id`, `email_id`, `phone_id`) VALUES (214,4,86,86,NULL);
INSERT INTO `civicrm_mailing_recipients` (`id`, `mailing_id`, `contact_id`, `email_id`, `phone_id`) VALUES (215,4,87,87,NULL);
INSERT INTO `civicrm_mailing_recipients` (`id`, `mailing_id`, `contact_id`, `email_id`, `phone_id`) VALUES (216,4,88,88,NULL);
INSERT INTO `civicrm_mailing_recipients` (`id`, `mailing_id`, `contact_id`, `email_id`, `phone_id`) VALUES (217,4,89,89,NULL);
INSERT INTO `civicrm_mailing_recipients` (`id`, `mailing_id`, `contact_id`, `email_id`, `phone_id`) VALUES (218,4,90,90,NULL);
INSERT INTO `civicrm_mailing_recipients` (`id`, `mailing_id`, `contact_id`, `email_id`, `phone_id`) VALUES (219,4,91,91,NULL);
INSERT INTO `civicrm_mailing_recipients` (`id`, `mailing_id`, `contact_id`, `email_id`, `phone_id`) VALUES (220,4,92,92,NULL);
INSERT INTO `civicrm_mailing_recipients` (`id`, `mailing_id`, `contact_id`, `email_id`, `phone_id`) VALUES (221,4,93,93,NULL);
INSERT INTO `civicrm_mailing_recipients` (`id`, `mailing_id`, `contact_id`, `email_id`, `phone_id`) VALUES (222,4,94,94,NULL);
INSERT INTO `civicrm_mailing_recipients` (`id`, `mailing_id`, `contact_id`, `email_id`, `phone_id`) VALUES (223,4,95,95,NULL);
INSERT INTO `civicrm_mailing_recipients` (`id`, `mailing_id`, `contact_id`, `email_id`, `phone_id`) VALUES (224,4,96,96,NULL);
INSERT INTO `civicrm_mailing_recipients` (`id`, `mailing_id`, `contact_id`, `email_id`, `phone_id`) VALUES (225,4,97,97,NULL);
INSERT INTO `civicrm_subscription_history` (`id`, `contact_id`, `group_id`, `date`, `method`, `status`, `tracking`) VALUES (46,48,10,'2021-03-31 05:52:30','API','Added','');
INSERT INTO `civicrm_subscription_history` (`id`, `contact_id`, `group_id`, `date`, `method`, `status`, `tracking`) VALUES (47,49,10,'2021-03-31 05:52:30','API','Added','');
INSERT INTO `civicrm_subscription_history` (`id`, `contact_id`, `group_id`, `date`, `method`, `status`, `tracking`) VALUES (48,50,10,'2021-03-31 05:52:30','API','Added','');
INSERT INTO `civicrm_subscription_history` (`id`, `contact_id`, `group_id`, `date`, `method`, `status`, `tracking`) VALUES (49,51,10,'2021-03-31 05:52:30','API','Added','');
INSERT INTO `civicrm_subscription_history` (`id`, `contact_id`, `group_id`, `date`, `method`, `status`, `tracking`) VALUES (50,52,10,'2021-03-31 05:52:30','API','Added','');
INSERT INTO `civicrm_subscription_history` (`id`, `contact_id`, `group_id`, `date`, `method`, `status`, `tracking`) VALUES (51,53,10,'2021-03-31 05:52:30','API','Added','');
INSERT INTO `civicrm_subscription_history` (`id`, `contact_id`, `group_id`, `date`, `method`, `status`, `tracking`) VALUES (52,54,10,'2021-03-31 05:52:30','API','Added','');
INSERT INTO `civicrm_subscription_history` (`id`, `contact_id`, `group_id`, `date`, `method`, `status`, `tracking`) VALUES (53,55,10,'2021-03-31 05:52:30','API','Added','');
INSERT INTO `civicrm_subscription_history` (`id`, `contact_id`, `group_id`, `date`, `method`, `status`, `tracking`) VALUES (54,56,10,'2021-03-31 05:52:30','API','Added','');
INSERT INTO `civicrm_subscription_history` (`id`, `contact_id`, `group_id`, `date`, `method`, `status`, `tracking`) VALUES (55,57,10,'2021-03-31 05:52:30','API','Added','');
INSERT INTO `civicrm_subscription_history` (`id`, `contact_id`, `group_id`, `date`, `method`, `status`, `tracking`) VALUES (56,58,10,'2021-03-31 05:52:30','API','Added','');
INSERT INTO `civicrm_subscription_history` (`id`, `contact_id`, `group_id`, `date`, `method`, `status`, `tracking`) VALUES (57,59,10,'2021-03-31 05:52:30','API','Added','');
INSERT INTO `civicrm_subscription_history` (`id`, `contact_id`, `group_id`, `date`, `method`, `status`, `tracking`) VALUES (58,60,10,'2021-03-31 05:52:30','API','Added','');
INSERT INTO `civicrm_subscription_history` (`id`, `contact_id`, `group_id`, `date`, `method`, `status`, `tracking`) VALUES (59,61,10,'2021-03-31 05:52:30','API','Added','');
INSERT INTO `civicrm_subscription_history` (`id`, `contact_id`, `group_id`, `date`, `method`, `status`, `tracking`) VALUES (60,62,10,'2021-03-31 05:52:30','API','Added','');
INSERT INTO `civicrm_subscription_history` (`id`, `contact_id`, `group_id`, `date`, `method`, `status`, `tracking`) VALUES (61,63,10,'2021-03-31 05:52:30','API','Added','');
INSERT INTO `civicrm_subscription_history` (`id`, `contact_id`, `group_id`, `date`, `method`, `status`, `tracking`) VALUES (62,64,10,'2021-03-31 05:52:30','API','Added','');
INSERT INTO `civicrm_subscription_history` (`id`, `contact_id`, `group_id`, `date`, `method`, `status`, `tracking`) VALUES (63,65,10,'2021-03-31 05:52:30','API','Added','');
INSERT INTO `civicrm_subscription_history` (`id`, `contact_id`, `group_id`, `date`, `method`, `status`, `tracking`) VALUES (64,66,10,'2021-03-31 05:52:30','API','Added','');
INSERT INTO `civicrm_subscription_history` (`id`, `contact_id`, `group_id`, `date`, `method`, `status`, `tracking`) VALUES (65,67,10,'2021-03-31 05:52:30','API','Added','');
INSERT INTO `civicrm_subscription_history` (`id`, `contact_id`, `group_id`, `date`, `method`, `status`, `tracking`) VALUES (66,68,10,'2021-03-31 05:52:30','API','Added','');
INSERT INTO `civicrm_subscription_history` (`id`, `contact_id`, `group_id`, `date`, `method`, `status`, `tracking`) VALUES (67,69,10,'2021-03-31 05:52:30','API','Added','');
INSERT INTO `civicrm_subscription_history` (`id`, `contact_id`, `group_id`, `date`, `method`, `status`, `tracking`) VALUES (68,70,10,'2021-03-31 05:52:30','API','Added','');
INSERT INTO `civicrm_subscription_history` (`id`, `contact_id`, `group_id`, `date`, `method`, `status`, `tracking`) VALUES (69,71,10,'2021-03-31 05:52:30','API','Added','');
INSERT INTO `civicrm_subscription_history` (`id`, `contact_id`, `group_id`, `date`, `method`, `status`, `tracking`) VALUES (70,72,10,'2021-03-31 05:52:30','API','Added','');
INSERT INTO `civicrm_subscription_history` (`id`, `contact_id`, `group_id`, `date`, `method`, `status`, `tracking`) VALUES (71,73,10,'2021-03-31 05:52:31','API','Added','');
INSERT INTO `civicrm_subscription_history` (`id`, `contact_id`, `group_id`, `date`, `method`, `status`, `tracking`) VALUES (72,74,10,'2021-03-31 05:52:31','API','Added','');
INSERT INTO `civicrm_subscription_history` (`id`, `contact_id`, `group_id`, `date`, `method`, `status`, `tracking`) VALUES (73,75,10,'2021-03-31 05:52:31','API','Added','');
INSERT INTO `civicrm_subscription_history` (`id`, `contact_id`, `group_id`, `date`, `method`, `status`, `tracking`) VALUES (74,76,10,'2021-03-31 05:52:31','API','Added','');
INSERT INTO `civicrm_subscription_history` (`id`, `contact_id`, `group_id`, `date`, `method`, `status`, `tracking`) VALUES (75,77,10,'2021-03-31 05:52:31','API','Added','');
INSERT INTO `civicrm_subscription_history` (`id`, `contact_id`, `group_id`, `date`, `method`, `status`, `tracking`) VALUES (76,78,10,'2021-03-31 05:52:31','API','Added','');
INSERT INTO `civicrm_subscription_history` (`id`, `contact_id`, `group_id`, `date`, `method`, `status`, `tracking`) VALUES (77,79,10,'2021-03-31 05:52:31','API','Added','');
INSERT INTO `civicrm_subscription_history` (`id`, `contact_id`, `group_id`, `date`, `method`, `status`, `tracking`) VALUES (78,80,10,'2021-03-31 05:52:31','API','Added','');
INSERT INTO `civicrm_subscription_history` (`id`, `contact_id`, `group_id`, `date`, `method`, `status`, `tracking`) VALUES (79,81,10,'2021-03-31 05:52:31','API','Added','');
INSERT INTO `civicrm_subscription_history` (`id`, `contact_id`, `group_id`, `date`, `method`, `status`, `tracking`) VALUES (80,82,10,'2021-03-31 05:52:31','API','Added','');
INSERT INTO `civicrm_subscription_history` (`id`, `contact_id`, `group_id`, `date`, `method`, `status`, `tracking`) VALUES (81,83,10,'2021-03-31 05:52:31','API','Added','');
INSERT INTO `civicrm_subscription_history` (`id`, `contact_id`, `group_id`, `date`, `method`, `status`, `tracking`) VALUES (82,84,10,'2021-03-31 05:52:31','API','Added','');
INSERT INTO `civicrm_subscription_history` (`id`, `contact_id`, `group_id`, `date`, `method`, `status`, `tracking`) VALUES (83,85,10,'2021-03-31 05:52:31','API','Added','');
INSERT INTO `civicrm_subscription_history` (`id`, `contact_id`, `group_id`, `date`, `method`, `status`, `tracking`) VALUES (84,86,10,'2021-03-31 05:52:31','API','Added','');
INSERT INTO `civicrm_subscription_history` (`id`, `contact_id`, `group_id`, `date`, `method`, `status`, `tracking`) VALUES (85,87,10,'2021-03-31 05:52:31','API','Added','');
INSERT INTO `civicrm_subscription_history` (`id`, `contact_id`, `group_id`, `date`, `method`, `status`, `tracking`) VALUES (86,88,10,'2021-03-31 05:52:31','API','Added','');
INSERT INTO `civicrm_subscription_history` (`id`, `contact_id`, `group_id`, `date`, `method`, `status`, `tracking`) VALUES (87,89,10,'2021-03-31 05:52:31','API','Added','');
INSERT INTO `civicrm_subscription_history` (`id`, `contact_id`, `group_id`, `date`, `method`, `status`, `tracking`) VALUES (88,90,10,'2021-03-31 05:52:31','API','Added','');
INSERT INTO `civicrm_subscription_history` (`id`, `contact_id`, `group_id`, `date`, `method`, `status`, `tracking`) VALUES (89,91,10,'2021-03-31 05:52:31','API','Added','');
INSERT INTO `civicrm_subscription_history` (`id`, `contact_id`, `group_id`, `date`, `method`, `status`, `tracking`) VALUES (90,92,10,'2021-03-31 05:52:31','API','Added','');
INSERT INTO `civicrm_subscription_history` (`id`, `contact_id`, `group_id`, `date`, `method`, `status`, `tracking`) VALUES (91,93,10,'2021-03-31 05:52:31','API','Added','');
INSERT INTO `civicrm_subscription_history` (`id`, `contact_id`, `group_id`, `date`, `method`, `status`, `tracking`) VALUES (92,94,10,'2021-03-31 05:52:31','API','Added','');
INSERT INTO `civicrm_subscription_history` (`id`, `contact_id`, `group_id`, `date`, `method`, `status`, `tracking`) VALUES (93,95,10,'2021-03-31 05:52:31','API','Added','');
INSERT INTO `civicrm_subscription_history` (`id`, `contact_id`, `group_id`, `date`, `method`, `status`, `tracking`) VALUES (94,96,10,'2021-03-31 05:52:31','API','Added','');
INSERT INTO `civicrm_subscription_history` (`id`, `contact_id`, `group_id`, `date`, `method`, `status`, `tracking`) VALUES (95,97,10,'2021-03-31 05:52:31','API','Added','');
